SMILES,Compound_Name,Bioavailability_%,MW,HBA,RotBonds,NumRings,NumAromaticRings,NumAliphaticRings,NumSaturatedRings,NumHeteroatoms,NumHeavyAtoms,NumAtoms,NumBonds,FractionCsp3,NumValenceElectrons,NumLipinskiHBA,Molar_Refractivity,BertzCT,LabuteASA,PEOE_VSA1,PEOE_VSA2,SMR_VSA3,SMR_VSA4,SMR_VSA5,SMR_VSA6,EState_VSA3,EState_VSA7,NumNitrogen,ECFP_0,ECFP_4,ECFP_12,ECFP_14,ECFP_18,ECFP_19,ECFP_22,ECFP_25,ECFP_27,ECFP_30,ECFP_33,ECFP_35,ECFP_37,ECFP_38,ECFP_39,ECFP_40,ECFP_42,ECFP_44,ECFP_46,ECFP_48,ECFP_53,ECFP_56,ECFP_62,ECFP_63
CC(C)Cc1ccc(cc1)C(C)C(=O)O,Ibuprofen,80.0,206.28499999999997,1,4,1,1,0,0,2,15,15,15,0.46153846153846156,82,1,61.03480000000004,324.8941190021566,90.94175377251301,5.106527394840706,4.794537184071822,0.0,5.917906046161393,33.10993926815928,0.0,5.917906046161393,24.26546827384644,0,0,1,0,0,0,0,1,1,1,0,1,0,0,0,1,0,0,0,0,0,0,0,0,0
CC(=O)Oc1ccccc1C(=O)O,Aspirin,68.0,180.15899999999996,3,2,1,1,0,0,4,13,13,13,0.1111111111111111,68,3,44.71030000000002,343.2228677267164,74.75705264447721,9.843390348640755,4.794537184071822,0.0,0.0,6.923737199690624,0.0,0.0,0.0,0,1,0,0,0,0,0,1,0,0,0,1,0,0,0,1,0,0,0,0,0,0,0,0,0
CC(C)c1cc(C(=O)O)ccc1O,Naproxen,95.0,180.20299999999997,2,2,1,1,0,0,3,13,13,13,0.3,70,2,49.155100000000026,328.94178503314396,76.64116118151918,10.213054789681411,0.0,0.0,0.0,19.76538044554264,0.0,5.563451491696996,13.847474399381248,0,0,0,0,0,0,0,1,1,1,0,1,0,0,0,1,0,0,0,0,0,0,0,0,0
O=C(O)Cc1ccccc1Nc2c(Cl)cccc2Cl,Diclofenac,54.0,296.153,2,4,2,2,0,0,5,19,19,20,0.07142857142857142,98,2,77.52650000000003,593.8950014443018,120.33053204396538,10.423315998847038,4.794537184071822,0.0,0.0,6.4208216229260096,5.316788604006331,26.983490668546775,6.06636706846161,1,1,0,0,1,1,1,1,0,0,0,0,0,0,0,1,0,0,0,1,0,0,0,0,1
CC(C)c1ccc(cc1)C(C)C(=O)O,Isobuprofen,78.0,192.25799999999995,1,3,1,1,0,0,2,14,14,14,0.4166666666666667,76,1,56.58180000000004,311.59854355066295,84.5768116581164,5.106527394840706,4.794537184071822,0.0,0.0,32.60702369139466,0.0,5.917906046161393,24.26546827384644,0,0,1,1,0,0,0,1,1,1,0,1,0,0,0,1,0,0,0,0,0,0,0,0,0
CC(C)NCC(COc1ccccc1)O,Propranolol,26.0,209.28900000000002,3,6,1,1,0,0,3,15,15,15,0.5,84,3,61.08250000000004,261.5844462065182,91.07869697118757,15.160178952647085,0.0,5.316788604006331,0.0,25.993281616277514,13.151638370425493,19.193479199573453,44.179309741689295,1,1,1,0,1,1,0,1,0,1,1,1,1,1,1,1,0,0,1,1,0,0,0,0,0
CN1CCC[C@H]1c2cccnc2,Nicotine,20.0,162.236,2,1,2,1,1,1,2,12,12,13,0.5,64,2,48.842000000000034,245.27530899395384,73.22976418910065,0.0,9.883888251797686,9.883888251797686,0.0,18.88348407499998,13.592428388589765,6.041840829147961,18.460054211687762,2,1,1,0,0,0,1,1,0,0,1,1,0,0,1,1,1,0,0,0,1,1,1,1,1
CCN(CC)c1ccc(cc1)C(c2ccccc2)c3ccccc3,Diphenhydramine,62.0,315.46000000000004,1,6,3,3,0,0,1,24,24,26,0.21739130434782608,122,1,103.83200000000004,688.5088533449272,145.13013577381145,4.899909730850478,0.0,0.0,0.0,19.76538044554264,17.98942254267563,0.0,0.0,1,1,0,0,0,0,0,1,0,0,0,1,0,0,1,0,0,1,0,0,0,1,0,0,1
CC(C)Cc1ccc(cc1)C(C)C(=O)O,Phenytoin,75.0,206.28499999999997,1,4,1,1,0,0,2,15,15,15,0.46153846153846156,82,1,61.03480000000004,324.8941190021566,90.94175377251301,5.106527394840706,4.794537184071822,0.0,5.917906046161393,33.10993926815928,0.0,5.917906046161393,24.26546827384644,0,0,1,0,0,0,0,1,1,1,0,1,0,0,0,1,0,0,0,0,0,0,0,0,0
CC(=O)Nc1ccc(O)cc1,Acetaminophen,88.0,151.165,2,1,1,1,0,0,3,11,11,11,0.125,58,2,42.41050000000002,253.29949758389105,64.66690538413799,10.423315998847038,4.794537184071822,0.0,0.0,6.923737199690624,5.316788604006331,5.687386274683562,0.0,1,1,0,0,0,1,0,1,0,0,0,1,0,0,0,1,0,0,0,0,0,1,0,0,1
CC(C)NCC(COc1ccccc1)O,Atenolol,50.0,209.28900000000002,3,6,1,1,0,0,3,15,15,15,0.5,84,3,61.08250000000004,261.5844462065182,91.07869697118757,15.160178952647085,0.0,5.316788604006331,0.0,25.993281616277514,13.151638370425493,19.193479199573453,44.179309741689295,1,1,1,0,1,1,0,1,0,1,1,1,1,1,1,1,0,0,1,1,0,0,0,0,0
CC(C)NCC(COc1ccc(cc1)C(C)C)O,Metoprolol,38.0,251.37,3,7,1,1,0,0,3,18,18,18,0.6,102,3,75.17150000000004,332.85176749569683,110.17352331437738,15.160178952647085,0.0,5.316788604006331,0.0,45.75866206182015,13.151638370425493,25.111385245734844,12.13273413692322,1,1,1,1,1,1,0,1,0,1,1,1,1,1,1,1,0,0,1,1,0,0,0,0,0
CCCCCCCCCCCCCCCCCCCc1ccc(O)cc1,Octylphenol,92.0,360.626,1,18,1,1,0,0,1,26,26,26,0.76,150,1,115.97380000000008,395.11929472198574,163.15953704522855,5.106527394840706,0.0,0.0,0.0,122.49852641235884,0.0,5.749511833283905,12.13273413692322,0,0,0,0,0,1,0,1,0,1,0,1,0,0,1,1,0,0,0,0,0,0,0,0,0
CC(C)c1ccc(O)cc1,4-Isopropylphenol,85.0,136.19399999999996,1,1,1,1,0,0,1,10,10,10,0.3333333333333333,54,1,42.19580000000002,198.47318047941278,61.32046321488279,5.106527394840706,0.0,0.0,0.0,19.76538044554264,0.0,11.6674178794453,12.13273413692322,0,0,0,1,0,0,0,1,0,1,0,1,0,0,0,1,0,0,0,0,0,0,0,0,0
CC(C)c1ccccc1,Cumene,88.0,120.19499999999995,0,1,1,1,0,0,0,9,9,9,0.3333333333333333,48,0,40.53100000000002,162.65300142116237,56.52622946268678,0.0,0.0,0.0,0.0,19.76538044554264,0.0,5.917906046161393,6.06636706846161,0,1,0,1,0,0,0,1,0,1,0,1,0,0,0,0,0,0,0,0,0,0,0,0,0
CC(C)Cc1ccccc1,Isobutylbenzene,82.0,134.22199999999998,0,2,1,1,0,0,0,10,10,10,0.4,54,0,44.98400000000003,174.4896154807834,62.89117157708339,0.0,0.0,0.0,5.917906046161393,20.268296022307258,0.0,0.0,0.0,0,1,0,0,0,0,0,1,1,1,0,1,0,0,0,0,0,1,0,0,0,0,0,0,0
c1ccc(cc1)c2ccccc2,Biphenyl,75.0,154.21199999999996,0,1,2,2,0,0,0,12,12,13,0.0,58,0,51.87800000000003,297.4313204906765,72.48849732556099,0.0,0.0,0.0,0.0,0.0,0.0,0.0,12.13273413692322,0,1,0,0,0,0,0,1,0,0,0,0,0,0,0,0,0,0,1,0,0,0,0,0,0
CC(C)(C)c1ccc(O)cc1,4-tert-Butylphenol,88.0,150.22099999999998,1,0,1,1,0,0,1,11,11,11,0.4,60,1,46.80680000000004,228.04484428381983,67.6854053292794,5.106527394840706,0.0,0.0,0.0,26.186202068468653,0.0,5.749511833283905,12.13273413692322,0,0,0,0,0,0,0,1,0,0,0,1,0,0,0,1,0,0,0,0,0,0,0,0,0
c1ccc(cc1)C(c2ccccc2)c3ccccc3,Triphenylmethane,15.0,244.337,0,3,3,3,0,0,0,19,19,21,0.05263157894736842,92,0,80.27100000000004,518.0619248819434,113.91053364602166,0.0,0.0,0.0,0.0,5.917906046161393,0.0,5.917906046161393,0.0,0,1,0,0,0,0,0,1,0,0,0,0,0,0,0,0,0,1,0,0,0,0,0,0,1
CC(C)CC(C)C(=O)O,3-Methylbutyric acid,92.0,130.18699999999998,1,3,0,0,0,0,2,9,9,8,0.8571428571428571,54,1,36.25479999999999,97.089273230246,55.884659566448974,5.106527394840706,4.794537184071822,0.0,11.835812092322787,27.19203322199788,0.0,5.917906046161393,13.847474399381248,0,0,0,0,0,0,0,0,0,1,0,1,0,0,0,1,1,0,0,0,0,0,0,0,0
c1ccc(cc1)CC(=O)O,Phenylacetic acid,78.0,136.14999999999998,1,2,1,1,0,0,2,10,10,10,0.125,52,1,37.781800000000004,215.9590174505521,59.117043200529956,5.106527394840706,4.794537184071822,0.0,0.0,6.4208216229260096,0.0,0.0,18.19910120538483,0,1,0,0,1,1,0,1,0,0,0,0,0,0,0,1,0,1,0,0,0,0,0,0,0
CC(C)(C)c1ccccc1,tert-Butylbenzene,85.0,134.22199999999998,0,0,1,1,0,0,0,10,10,10,0.4,54,0,45.14200000000003,191.02833704135648,62.89117157708339,0.0,0.0,0.0,0.0,26.186202068468653,0.0,5.41499046939678,0.0,0,1,0,0,0,0,0,1,0,0,0,1,0,0,0,0,0,0,0,0,0,0,0,0,0
c1ccc(cc1)C(C)C,Isopropylbenzene,80.0,120.19499999999996,0,1,1,1,0,0,0,9,9,9,0.3333333333333333,48,0,40.53100000000002,162.65300142116237,56.52622946268678,0.0,0.0,0.0,0.0,19.76538044554264,0.0,5.917906046161393,6.06636706846161,0,1,0,1,0,0,0,1,0,1,0,1,0,0,0,0,0,0,0,0,0,0,0,0,0
CC(C)c1ccc(cc1)C(C)C,p-Diisopropylbenzene,88.0,162.27599999999995,0,2,1,1,0,0,0,12,12,12,0.5,66,0,54.62000000000005,201.72015243201014,75.6210558058766,0.0,0.0,0.0,0.0,39.53076089108528,0.0,11.835812092322787,0.0,0,0,0,1,0,0,0,1,0,1,0,1,0,0,0,0,0,0,0,0,0,0,0,0,0
CC(C)Cc1ccc(cc1)C(C)C,p-Isobutylisopropylbenzene,85.0,176.30299999999997,0,3,1,1,0,0,0,13,13,13,0.5384615384615384,72,0,59.07300000000005,241.2457497788808,81.9859979202732,0.0,0.0,0.0,5.917906046161393,40.0336764678499,0.0,5.917906046161393,0.0,0,0,0,1,0,0,0,1,1,1,0,1,0,0,0,0,0,0,0,0,0,0,0,0,0
CC(C)c1ccc(O)c(C(C)C)c1,"2,5-Diisopropylphenol",78.0,178.27499999999998,1,2,1,1,0,0,1,13,13,13,0.5,72,1,56.28480000000005,287.17599275295936,80.41528955807262,5.106527394840706,0.0,0.0,0.0,39.53076089108528,0.0,17.585323925606694,6.06636706846161,0,0,0,1,0,1,0,1,1,1,0,1,0,0,0,1,0,0,0,0,0,0,0,0,0
CC(C)c1ccc(O)c(C(C)C)c1,"2,6-Diisopropylphenol",72.0,178.27499999999998,1,2,1,1,0,0,1,13,13,13,0.5,72,1,56.28480000000005,287.17599275295936,80.41528955807262,5.106527394840706,0.0,0.0,0.0,39.53076089108528,0.0,17.585323925606694,6.06636706846161,0,0,0,1,0,1,0,1,1,1,0,1,0,0,0,1,0,0,0,0,0,0,0,0,0
CC(C)c1ccc(O)c(c1)C(C)C,"3,5-Diisopropylphenol",75.0,178.27499999999998,1,2,1,1,0,0,1,13,13,13,0.5,72,1,56.28480000000004,287.17599275295936,80.41528955807262,5.106527394840706,0.0,0.0,0.0,39.53076089108528,0.0,17.585323925606694,6.06636706846161,0,0,0,1,0,1,0,1,1,1,0,1,0,0,0,1,0,0,0,0,0,0,0,0,0
CC(C)c1ccc(O)cc1C(C)C,"2,4-Diisopropylphenol",70.0,178.27499999999995,1,2,1,1,0,0,1,13,13,13,0.5,72,1,56.28480000000004,287.17599275295936,80.41528955807262,5.106527394840706,0.0,0.0,0.0,39.53076089108528,0.0,17.585323925606694,12.13273413692322,0,0,0,0,0,0,0,1,0,1,0,1,1,1,0,1,0,0,0,0,0,0,0,0,0
CC(C)c1ccccc1O,2-Isopropylphenol,82.0,136.19399999999996,1,1,1,1,0,0,1,10,10,10,0.3333333333333333,54,1,42.19580000000002,215.72318047941278,61.32046321488279,5.106527394840706,0.0,0.0,0.0,19.76538044554264,0.0,11.6674178794453,18.19910120538483,0,1,0,0,0,0,0,1,1,1,0,1,0,0,0,1,0,0,0,0,0,0,0,0,0
CC(C)c1ccccc1C(C)C,"2,6-Diisopropylbenzene",85.0,162.27599999999995,0,2,1,1,0,0,0,12,12,12,0.5,66,0,54.62000000000005,218.97015243201014,75.6210558058766,0.0,0.0,0.0,0.0,39.53076089108528,0.0,11.835812092322787,0.0,0,1,0,0,0,0,0,1,0,1,0,1,0,0,0,0,0,0,0,0,0,0,0,0,0
CC(C)c1ccccc1C(C)C,"2,4-Diisopropylbenzene",83.0,162.27599999999995,0,2,1,1,0,0,0,12,12,12,0.5,66,0,54.62000000000005,218.97015243201014,75.6210558058766,0.0,0.0,0.0,0.0,39.53076089108528,0.0,11.835812092322787,0.0,0,1,0,0,0,0,0,1,0,1,0,1,0,0,0,0,0,0,0,0,0,0,0,0,0
CC(C)c1ccccc1C(C)C,"3,5-Diisopropylbenzene",84.0,162.27599999999995,0,2,1,1,0,0,0,12,12,12,0.5,66,0,54.62000000000005,218.97015243201014,75.6210558058766,0.0,0.0,0.0,0.0,39.53076089108528,0.0,11.835812092322787,0.0,0,1,0,0,0,0,0,1,0,1,0,1,0,0,0,0,0,0,0,0,0,0,0,0,0
c1ccc(cc1)CC(C)C,Isobutylbenzene,82.0,134.22199999999998,0,2,1,1,0,0,0,10,10,10,0.4,54,0,44.98400000000003,174.4896154807834,62.89117157708339,0.0,0.0,0.0,5.917906046161393,20.268296022307258,0.0,0.0,0.0,0,1,0,0,0,0,0,1,1,1,0,1,0,0,0,0,0,1,0,0,0,0,0,0,0
c1ccc(cc1)C(C)(C)C,tert-Butylbenzene,85.0,134.22199999999998,0,0,1,1,0,0,0,10,10,10,0.4,54,0,45.14200000000003,191.0283370413565,62.89117157708339,0.0,0.0,0.0,0.0,26.186202068468653,0.0,5.41499046939678,0.0,0,1,0,0,0,0,0,1,0,0,0,1,0,0,0,0,0,0,0,0,0,0,0,0,0
CN1C=NC2=C1C(=O)N(C(=O)N2C)C,Caffeine,95.0,194.194,6,0,2,2,0,0,6,14,14,15,0.375,74,6,51.19600000000001,616.5285919942219,79.02895701814933,4.567099647791355,13.928736479654532,18.685277464321274,21.143015948031568,0.0,0.0,11.16387793838399,0.0,4,1,0,0,0,0,0,0,0,1,0,1,0,0,0,1,0,1,1,0,0,0,1,0,0
Cc1oncc1C(=O)Nc1ccc(cc1)C(F)(F)F,Leflunomide,80.0,270.21,3,2,2,2,0,0,7,19,19,20,0.16666666666666666,100,3,60.63720000000001,587.7671184973083,105.75664771197401,9.83988354097968,4.794537184071822,5.156663257125445,0.0,13.100035717134098,5.316788604006331,5.760247418874442,0.0,2,1,0,0,0,0,1,1,0,0,0,1,0,1,1,1,0,0,1,0,0,1,1,0,1
c1ccc(cc1)C(C)(C)C,tert-Butylbenzene_analog_51,80.5981240866884,134.22199999999998,0,0,1,1,0,0,0,10,10,10,0.4,54,0,45.14200000000003,191.0283370413565,62.89117157708339,0.0,0.0,0.0,0.0,26.186202068468653,0.0,5.41499046939678,0.0,0,1,0,0,0,0,0,1,0,0,0,1,0,0,0,0,0,0,0,0,0,0,0,0,0
CCN(CC)c1ccc(cc1)C(c2ccccc2)c3ccccc3,Diphenhydramine_analog_52,66.12346457960325,315.46000000000004,1,6,3,3,0,0,1,24,24,26,0.21739130434782608,122,1,103.83200000000004,688.5088533449272,145.13013577381145,4.899909730850478,0.0,0.0,0.0,19.76538044554264,17.98942254267563,0.0,0.0,1,1,0,0,0,0,0,1,0,0,0,1,0,0,1,0,0,1,0,0,0,1,0,0,1
CC(C)c1ccc(O)cc1,4-Isopropylphenol_analog_53,83.12677300221331,136.19399999999996,1,1,1,1,0,0,1,10,10,10,0.3333333333333333,54,1,42.19580000000002,198.47318047941278,61.32046321488279,5.106527394840706,0.0,0.0,0.0,19.76538044554264,0.0,11.6674178794453,12.13273413692322,0,0,0,1,0,0,0,1,0,1,0,1,0,0,0,1,0,0,0,0,0,0,0,0,0
CC(C)NCC(COc1ccccc1)O,Atenolol_analog_54,48.12690434440656,209.28900000000002,3,6,1,1,0,0,3,15,15,15,0.5,84,3,61.08250000000004,261.5844462065182,91.07869697118757,15.160178952647085,0.0,5.316788604006331,0.0,25.993281616277514,13.151638370425493,19.193479199573453,44.179309741689295,1,1,1,0,1,1,0,1,0,1,1,1,1,1,1,1,0,0,1,1,0,0,0,0,0
CC(C)NCC(COc1ccccc1)O,Atenolol_analog_55,52.2323303376011,209.28900000000002,3,6,1,1,0,0,3,15,15,15,0.5,84,3,61.08250000000004,261.5844462065182,91.07869697118757,15.160178952647085,0.0,5.316788604006331,0.0,25.993281616277514,13.151638370425493,19.193479199573453,44.179309741689295,1,1,1,0,1,1,0,1,0,1,1,1,1,1,1,1,0,0,1,1,0,0,0,0,0
CC(C)Cc1ccccc1,Isobutylbenzene_analog_56,90.0841222784522,134.22199999999998,0,2,1,1,0,0,0,10,10,10,0.4,54,0,44.98400000000003,174.4896154807834,62.89117157708339,0.0,0.0,0.0,5.917906046161393,20.268296022307258,0.0,0.0,0.0,0,1,0,0,0,0,0,1,1,1,0,1,0,0,0,0,0,1,0,0,0,0,0,0,0
CC(C)c1cc(C(=O)O)ccc1O,Naproxen_analog_57,91.2442049125204,180.20299999999997,2,2,1,1,0,0,3,13,13,13,0.3,70,2,49.155100000000026,328.94178503314396,76.64116118151918,10.213054789681411,0.0,0.0,0.0,19.76538044554264,0.0,5.563451491696996,13.847474399381248,0,0,0,0,0,0,0,1,1,1,0,1,0,0,0,1,0,0,0,0,0,0,0,0,0
CC(C)c1ccc(O)cc1,4-Isopropylphenol_analog_58,89.34048034868772,136.19399999999996,1,1,1,1,0,0,1,10,10,10,0.3333333333333333,54,1,42.19580000000002,198.47318047941278,61.32046321488279,5.106527394840706,0.0,0.0,0.0,19.76538044554264,0.0,11.6674178794453,12.13273413692322,0,0,0,1,0,0,0,1,0,1,0,1,0,0,0,1,0,0,0,0,0,0,0,0,0
CC(C)c1ccccc1O,2-Isopropylphenol_analog_59,83.93569817252828,136.19399999999996,1,1,1,1,0,0,1,10,10,10,0.3333333333333333,54,1,42.19580000000002,215.72318047941278,61.32046321488279,5.106527394840706,0.0,0.0,0.0,19.76538044554264,0.0,11.6674178794453,18.19910120538483,0,1,0,0,0,0,0,1,1,1,0,1,0,0,0,1,0,0,0,0,0,0,0,0,0
CC(C)c1ccc(O)c(c1)C(C)C,"3,5-Diisopropylphenol_analog_60",59.69375804273761,178.27499999999998,1,2,1,1,0,0,1,13,13,13,0.5,72,1,56.28480000000004,287.17599275295936,80.41528955807262,5.106527394840706,0.0,0.0,0.0,39.53076089108528,0.0,17.585323925606694,6.06636706846161,0,0,0,1,0,1,0,1,1,1,0,1,0,0,0,1,0,0,0,0,0,0,0,0,0
CC(C)(C)c1ccccc1,tert-Butylbenzene_analog_61,91.53156064761062,134.22199999999998,0,0,1,1,0,0,0,10,10,10,0.4,54,0,45.14200000000003,191.02833704135648,62.89117157708339,0.0,0.0,0.0,0.0,26.186202068468653,0.0,5.41499046939678,0.0,0,1,0,0,0,0,0,1,0,0,0,1,0,0,0,0,0,0,0,0,0,0,0,0,0
CC(C)c1ccc(O)c(C(C)C)c1,"2,5-Diisopropylphenol_analog_62",65.80899201907312,178.27499999999998,1,2,1,1,0,0,1,13,13,13,0.5,72,1,56.28480000000005,287.17599275295936,80.41528955807262,5.106527394840706,0.0,0.0,0.0,39.53076089108528,0.0,17.585323925606694,6.06636706846161,0,0,0,1,0,1,0,1,1,1,0,1,0,0,0,1,0,0,0,0,0,0,0,0,0
CC(C)Cc1ccc(cc1)C(C)C,p-Isobutylisopropylbenzene_analog_63,86.77663121251794,176.30299999999997,0,3,1,1,0,0,0,13,13,13,0.5384615384615384,72,0,59.07300000000005,241.2457497788808,81.9859979202732,0.0,0.0,0.0,5.917906046161393,40.0336764678499,0.0,5.917906046161393,0.0,0,0,0,1,0,0,0,1,1,1,0,1,0,0,0,0,0,0,0,0,0,0,0,0,0
CC(C)c1ccc(O)c(c1)C(C)C,"3,5-Diisopropylphenol_analog_64",68.85618798445539,178.27499999999998,1,2,1,1,0,0,1,13,13,13,0.5,72,1,56.28480000000004,287.17599275295936,80.41528955807262,5.106527394840706,0.0,0.0,0.0,39.53076089108528,0.0,17.585323925606694,6.06636706846161,0,0,0,1,0,1,0,1,1,1,0,1,0,0,0,1,0,0,0,0,0,0,0,0,0
CC(C)c1cc(C(=O)O)ccc1O,Naproxen_analog_65,98.3360888773054,180.20299999999997,2,2,1,1,0,0,3,13,13,13,0.3,70,2,49.155100000000026,328.94178503314396,76.64116118151918,10.213054789681411,0.0,0.0,0.0,19.76538044554264,0.0,5.563451491696996,13.847474399381248,0,0,0,0,0,0,0,1,1,1,0,1,0,0,0,1,0,0,0,0,0,0,0,0,0
CC(C)Cc1ccc(cc1)C(C)C(=O)O,Phenytoin_analog_66,81.65969485696925,206.28499999999997,1,4,1,1,0,0,2,15,15,15,0.46153846153846156,82,1,61.03480000000004,324.8941190021566,90.94175377251301,5.106527394840706,4.794537184071822,0.0,5.917906046161393,33.10993926815928,0.0,5.917906046161393,24.26546827384644,0,0,1,0,0,0,0,1,1,1,0,1,0,0,0,1,0,0,0,0,0,0,0,0,0
c1ccc(cc1)C(C)(C)C,tert-Butylbenzene_analog_67,68.78624307415926,134.22199999999998,0,0,1,1,0,0,0,10,10,10,0.4,54,0,45.14200000000003,191.0283370413565,62.89117157708339,0.0,0.0,0.0,0.0,26.186202068468653,0.0,5.41499046939678,0.0,0,1,0,0,0,0,0,1,0,0,0,1,0,0,0,0,0,0,0,0,0,0,0,0,0
c1ccc(cc1)C(C)C,Isopropylbenzene_analog_68,88.9553888924947,120.19499999999996,0,1,1,1,0,0,0,9,9,9,0.3333333333333333,48,0,40.53100000000002,162.65300142116237,56.52622946268678,0.0,0.0,0.0,0.0,19.76538044554264,0.0,5.917906046161393,6.06636706846161,0,1,0,1,0,0,0,1,0,1,0,1,0,0,0,0,0,0,0,0,0,0,0,0,0
CC(=O)Oc1ccccc1C(=O)O,Aspirin_analog_69,63.18634710216482,180.15899999999996,3,2,1,1,0,0,4,13,13,13,0.1111111111111111,68,3,44.71030000000002,343.2228677267164,74.75705264447721,9.843390348640755,4.794537184071822,0.0,0.0,6.923737199690624,0.0,0.0,0.0,0,1,0,0,0,0,0,1,0,0,0,1,0,0,0,1,0,0,0,0,0,0,0,0,0
CN1CCC[C@H]1c2cccnc2,Nicotine_analog_70,34.818225476071504,162.236,2,1,2,1,1,1,2,12,12,13,0.5,64,2,48.842000000000034,245.27530899395384,73.22976418910065,0.0,9.883888251797686,9.883888251797686,0.0,18.88348407499998,13.592428388589765,6.041840829147961,18.460054211687762,2,1,1,0,0,0,1,1,0,0,1,1,0,0,1,1,1,0,0,0,1,1,1,1,1
CC(C)c1ccc(O)c(c1)C(C)C,"3,5-Diisopropylphenol_analog_71",70.7308095692601,178.27499999999998,1,2,1,1,0,0,1,13,13,13,0.5,72,1,56.28480000000004,287.17599275295936,80.41528955807262,5.106527394840706,0.0,0.0,0.0,39.53076089108528,0.0,17.585323925606694,6.06636706846161,0,0,0,1,0,1,0,1,1,1,0,1,0,0,0,1,0,0,0,0,0,0,0,0,0
CC(C)c1ccc(O)cc1,4-Isopropylphenol_analog_72,84.95577710143898,136.19399999999996,1,1,1,1,0,0,1,10,10,10,0.3333333333333333,54,1,42.19580000000002,198.47318047941278,61.32046321488279,5.106527394840706,0.0,0.0,0.0,19.76538044554264,0.0,11.6674178794453,12.13273413692322,0,0,0,1,0,0,0,1,0,1,0,1,0,0,0,1,0,0,0,0,0,0,0,0,0
c1ccc(cc1)c2ccccc2,Biphenyl_analog_73,81.5803592968255,154.21199999999996,0,1,2,2,0,0,0,12,12,13,0.0,58,0,51.87800000000003,297.4313204906765,72.48849732556099,0.0,0.0,0.0,0.0,0.0,0.0,0.0,12.13273413692322,0,1,0,0,0,0,0,1,0,0,0,0,0,0,0,0,0,0,1,0,0,0,0,0,0
CC(=O)Oc1ccccc1C(=O)O,Aspirin_analog_74,58.23325080023182,180.15899999999996,3,2,1,1,0,0,4,13,13,13,0.1111111111111111,68,3,44.71030000000002,343.2228677267164,74.75705264447721,9.843390348640755,4.794537184071822,0.0,0.0,6.923737199690624,0.0,0.0,0.0,0,1,0,0,0,0,0,1,0,0,0,1,0,0,0,1,0,0,0,0,0,0,0,0,0
CC(C)NCC(COc1ccccc1)O,Propranolol_analog_75,28.58399837822638,209.28900000000002,3,6,1,1,0,0,3,15,15,15,0.5,84,3,61.08250000000004,261.5844462065182,91.07869697118757,15.160178952647085,0.0,5.316788604006331,0.0,25.993281616277514,13.151638370425493,19.193479199573453,44.179309741689295,1,1,1,0,1,1,0,1,0,1,1,1,1,1,1,1,0,0,1,1,0,0,0,0,0
CC(C)c1ccc(O)c(C(C)C)c1,"2,5-Diisopropylphenol_analog_76",66.85266447301836,178.27499999999998,1,2,1,1,0,0,1,13,13,13,0.5,72,1,56.28480000000005,287.17599275295936,80.41528955807262,5.106527394840706,0.0,0.0,0.0,39.53076089108528,0.0,17.585323925606694,6.06636706846161,0,0,0,1,0,1,0,1,1,1,0,1,0,0,0,1,0,0,0,0,0,0,0,0,0
CC(C)(C)c1ccc(O)cc1,4-tert-Butylphenol_analog_77,89.7491065284309,150.22099999999998,1,0,1,1,0,0,1,11,11,11,0.4,60,1,46.80680000000004,228.04484428381983,67.6854053292794,5.106527394840706,0.0,0.0,0.0,26.186202068468653,0.0,5.749511833283905,12.13273413692322,0,0,0,0,0,0,0,1,0,0,0,1,0,0,0,1,0,0,0,0,0,0,0,0,0
CC(C)c1ccccc1C(C)C,"2,4-Diisopropylbenzene_analog_78",90.05408831158888,162.27599999999995,0,2,1,1,0,0,0,12,12,12,0.5,66,0,54.62000000000005,218.97015243201014,75.6210558058766,0.0,0.0,0.0,0.0,39.53076089108528,0.0,11.835812092322787,0.0,0,1,0,0,0,0,0,1,0,1,0,1,0,0,0,0,0,0,0,0,0,0,0,0,0
CC(C)c1ccccc1,Cumene_analog_79,87.07481374089407,120.19499999999995,0,1,1,1,0,0,0,9,9,9,0.3333333333333333,48,0,40.53100000000002,162.65300142116237,56.52622946268678,0.0,0.0,0.0,0.0,19.76538044554264,0.0,5.917906046161393,6.06636706846161,0,1,0,1,0,0,0,1,0,1,0,1,0,0,0,0,0,0,0,0,0,0,0,0,0
CC(C)Cc1ccccc1,Isobutylbenzene_analog_80,79.59117043528569,134.22199999999998,0,2,1,1,0,0,0,10,10,10,0.4,54,0,44.98400000000003,174.4896154807834,62.89117157708339,0.0,0.0,0.0,5.917906046161393,20.268296022307258,0.0,0.0,0.0,0,1,0,0,0,0,0,1,1,1,0,1,0,0,0,0,0,1,0,0,0,0,0,0,0
CC(C)c1ccc(O)cc1C(C)C,"2,4-Diisopropylphenol_analog_81",76.18960333466946,178.27499999999995,1,2,1,1,0,0,1,13,13,13,0.5,72,1,56.28480000000004,287.17599275295936,80.41528955807262,5.106527394840706,0.0,0.0,0.0,39.53076089108528,0.0,17.585323925606694,12.13273413692322,0,0,0,0,0,0,0,1,0,1,0,1,1,1,0,1,0,0,0,0,0,0,0,0,0
c1ccc(cc1)C(C)C,Isopropylbenzene_analog_82,75.69486670669632,120.19499999999996,0,1,1,1,0,0,0,9,9,9,0.3333333333333333,48,0,40.53100000000002,162.65300142116237,56.52622946268678,0.0,0.0,0.0,0.0,19.76538044554264,0.0,5.917906046161393,6.06636706846161,0,1,0,1,0,0,0,1,0,1,0,1,0,0,0,0,0,0,0,0,0,0,0,0,0
CC(C)(C)c1ccccc1,tert-Butylbenzene_analog_83,87.74894631654769,134.22199999999998,0,0,1,1,0,0,0,10,10,10,0.4,54,0,45.14200000000003,191.02833704135648,62.89117157708339,0.0,0.0,0.0,0.0,26.186202068468653,0.0,5.41499046939678,0.0,0,1,0,0,0,0,0,1,0,0,0,1,0,0,0,0,0,0,0,0,0,0,0,0,0
CC(C)Cc1ccc(cc1)C(C)C,p-Isobutylisopropylbenzene_analog_84,70.89567875709812,176.30299999999997,0,3,1,1,0,0,0,13,13,13,0.5384615384615384,72,0,59.07300000000005,241.2457497788808,81.9859979202732,0.0,0.0,0.0,5.917906046161393,40.0336764678499,0.0,5.917906046161393,0.0,0,0,0,1,0,0,0,1,1,1,0,1,0,0,0,0,0,0,0,0,0,0,0,0,0
CC(C)c1ccc(O)c(C(C)C)c1,"2,5-Diisopropylphenol_analog_85",82.65698235770431,178.27499999999998,1,2,1,1,0,0,1,13,13,13,0.5,72,1,56.28480000000005,287.17599275295936,80.41528955807262,5.106527394840706,0.0,0.0,0.0,39.53076089108528,0.0,17.585323925606694,6.06636706846161,0,0,0,1,0,1,0,1,1,1,0,1,0,0,0,1,0,0,0,0,0,0,0,0,0
CC(C)c1ccccc1C(C)C,"2,4-Diisopropylbenzene_analog_86",90.10198767674686,162.27599999999995,0,2,1,1,0,0,0,12,12,12,0.5,66,0,54.62000000000005,218.97015243201014,75.6210558058766,0.0,0.0,0.0,0.0,39.53076089108528,0.0,11.835812092322787,0.0,0,1,0,0,0,0,0,1,0,1,0,1,0,0,0,0,0,0,0,0,0,0,0,0,0
CC(C)c1ccccc1C(C)C,"2,4-Diisopropylbenzene_analog_87",76.2862598142189,162.27599999999995,0,2,1,1,0,0,0,12,12,12,0.5,66,0,54.62000000000005,218.97015243201014,75.6210558058766,0.0,0.0,0.0,0.0,39.53076089108528,0.0,11.835812092322787,0.0,0,1,0,0,0,0,0,1,0,1,0,1,0,0,0,0,0,0,0,0,0,0,0,0,0
CN1CCC[C@H]1c2cccnc2,Nicotine_analog_88,17.526300993190283,162.236,2,1,2,1,1,1,2,12,12,13,0.5,64,2,48.842000000000034,245.27530899395384,73.22976418910065,0.0,9.883888251797686,9.883888251797686,0.0,18.88348407499998,13.592428388589765,6.041840829147961,18.460054211687762,2,1,1,0,0,0,1,1,0,0,1,1,0,0,1,1,1,0,0,0,1,1,1,1,1
CC(C)Cc1ccc(cc1)C(C)C(=O)O,Phenytoin_analog_89,62.934773683620136,206.28499999999997,1,4,1,1,0,0,2,15,15,15,0.46153846153846156,82,1,61.03480000000004,324.8941190021566,90.94175377251301,5.106527394840706,4.794537184071822,0.0,5.917906046161393,33.10993926815928,0.0,5.917906046161393,24.26546827384644,0,0,1,0,0,0,0,1,1,1,0,1,0,0,0,1,0,0,0,0,0,0,0,0,0
CC(C)c1ccccc1C(C)C,"2,4-Diisopropylbenzene_analog_90",91.79717580627856,162.27599999999995,0,2,1,1,0,0,0,12,12,12,0.5,66,0,54.62000000000005,218.97015243201014,75.6210558058766,0.0,0.0,0.0,0.0,39.53076089108528,0.0,11.835812092322787,0.0,0,1,0,0,0,0,0,1,0,1,0,1,0,0,0,0,0,0,0,0,0,0,0,0,0
CC(C)c1ccccc1,Cumene_analog_91,97.697378737065,120.19499999999995,0,1,1,1,0,0,0,9,9,9,0.3333333333333333,48,0,40.53100000000002,162.65300142116237,56.52622946268678,0.0,0.0,0.0,0.0,19.76538044554264,0.0,5.917906046161393,6.06636706846161,0,1,0,1,0,0,0,1,0,1,0,1,0,0,0,0,0,0,0,0,0,0,0,0,0
CC(C)c1ccc(O)c(c1)C(C)C,"3,5-Diisopropylphenol_analog_92",84.86797443634445,178.27499999999998,1,2,1,1,0,0,1,13,13,13,0.5,72,1,56.28480000000004,287.17599275295936,80.41528955807262,5.106527394840706,0.0,0.0,0.0,39.53076089108528,0.0,17.585323925606694,6.06636706846161,0,0,0,1,0,1,0,1,1,1,0,1,0,0,0,1,0,0,0,0,0,0,0,0,0
CC(C)c1ccc(cc1)C(C)C,p-Diisopropylbenzene_analog_93,91.66308061600012,162.27599999999995,0,2,1,1,0,0,0,12,12,12,0.5,66,0,54.62000000000005,201.72015243201014,75.6210558058766,0.0,0.0,0.0,0.0,39.53076089108528,0.0,11.835812092322787,0.0,0,0,0,1,0,0,0,1,0,1,0,1,0,0,0,0,0,0,0,0,0,0,0,0,0
CC(C)c1ccccc1C(C)C,"2,4-Diisopropylbenzene_analog_94",69.52570097307294,162.27599999999995,0,2,1,1,0,0,0,12,12,12,0.5,66,0,54.62000000000005,218.97015243201014,75.6210558058766,0.0,0.0,0.0,0.0,39.53076089108528,0.0,11.835812092322787,0.0,0,1,0,0,0,0,0,1,0,1,0,1,0,0,0,0,0,0,0,0,0,0,0,0,0
c1ccc(cc1)C(C)C,Isopropylbenzene_analog_95,72.52989727270361,120.19499999999996,0,1,1,1,0,0,0,9,9,9,0.3333333333333333,48,0,40.53100000000002,162.65300142116237,56.52622946268678,0.0,0.0,0.0,0.0,19.76538044554264,0.0,5.917906046161393,6.06636706846161,0,1,0,1,0,0,0,1,0,1,0,1,0,0,0,0,0,0,0,0,0,0,0,0,0
CC(C)c1ccc(O)cc1,4-Isopropylphenol_analog_96,91.2736655012315,136.19399999999996,1,1,1,1,0,0,1,10,10,10,0.3333333333333333,54,1,42.19580000000002,198.47318047941278,61.32046321488279,5.106527394840706,0.0,0.0,0.0,19.76538044554264,0.0,11.6674178794453,12.13273413692322,0,0,0,1,0,0,0,1,0,1,0,1,0,0,0,1,0,0,0,0,0,0,0,0,0
c1ccc(cc1)C(C)(C)C,tert-Butylbenzene_analog_97,83.79572913392174,134.22199999999998,0,0,1,1,0,0,0,10,10,10,0.4,54,0,45.14200000000003,191.0283370413565,62.89117157708339,0.0,0.0,0.0,0.0,26.186202068468653,0.0,5.41499046939678,0.0,0,1,0,0,0,0,0,1,0,0,0,1,0,0,0,0,0,0,0,0,0,0,0,0,0
Cc1oncc1C(=O)Nc1ccc(cc1)C(F)(F)F,Leflunomide_analog_98,72.27553862484021,270.21,3,2,2,2,0,0,7,19,19,20,0.16666666666666666,100,3,60.63720000000001,587.7671184973083,105.75664771197401,9.83988354097968,4.794537184071822,5.156663257125445,0.0,13.100035717134098,5.316788604006331,5.760247418874442,0.0,2,1,0,0,0,0,1,1,0,0,0,1,0,1,1,1,0,0,1,0,0,1,1,0,1
CC(C)c1ccc(O)cc1C(C)C,"2,4-Diisopropylphenol_analog_99",58.64999633126878,178.27499999999995,1,2,1,1,0,0,1,13,13,13,0.5,72,1,56.28480000000004,287.17599275295936,80.41528955807262,5.106527394840706,0.0,0.0,0.0,39.53076089108528,0.0,17.585323925606694,12.13273413692322,0,0,0,0,0,0,0,1,0,1,0,1,1,1,0,1,0,0,0,0,0,0,0,0,0
CC(C)c1ccc(O)cc1C(C)C,"2,4-Diisopropylphenol_analog_100",78.33993293871536,178.27499999999995,1,2,1,1,0,0,1,13,13,13,0.5,72,1,56.28480000000004,287.17599275295936,80.41528955807262,5.106527394840706,0.0,0.0,0.0,39.53076089108528,0.0,17.585323925606694,12.13273413692322,0,0,0,0,0,0,0,1,0,1,0,1,1,1,0,1,0,0,0,0,0,0,0,0,0
O=C(O)Cc1ccccc1Nc2c(Cl)cccc2Cl,Diclofenac_analog_101,52.24262489729991,296.153,2,4,2,2,0,0,5,19,19,20,0.07142857142857142,98,2,77.52650000000003,593.8950014443018,120.33053204396538,10.423315998847038,4.794537184071822,0.0,0.0,6.4208216229260096,5.316788604006331,26.983490668546775,6.06636706846161,1,1,0,0,1,1,1,1,0,0,0,0,0,0,0,1,0,0,0,1,0,0,0,0,1
CC(C)c1ccc(O)cc1C(C)C,"2,4-Diisopropylphenol_analog_102",72.85690057209398,178.27499999999995,1,2,1,1,0,0,1,13,13,13,0.5,72,1,56.28480000000004,287.17599275295936,80.41528955807262,5.106527394840706,0.0,0.0,0.0,39.53076089108528,0.0,17.585323925606694,12.13273413692322,0,0,0,0,0,0,0,1,0,1,0,1,1,1,0,1,0,0,0,0,0,0,0,0,0
CC(C)c1ccccc1,Cumene_analog_103,81.68593337041663,120.19499999999995,0,1,1,1,0,0,0,9,9,9,0.3333333333333333,48,0,40.53100000000002,162.65300142116237,56.52622946268678,0.0,0.0,0.0,0.0,19.76538044554264,0.0,5.917906046161393,6.06636706846161,0,1,0,1,0,0,0,1,0,1,0,1,0,0,0,0,0,0,0,0,0,0,0,0,0
CC(C)c1ccc(O)cc1C(C)C,"2,4-Diisopropylphenol_analog_104",75.94969027016981,178.27499999999995,1,2,1,1,0,0,1,13,13,13,0.5,72,1,56.28480000000004,287.17599275295936,80.41528955807262,5.106527394840706,0.0,0.0,0.0,39.53076089108528,0.0,17.585323925606694,12.13273413692322,0,0,0,0,0,0,0,1,0,1,0,1,1,1,0,1,0,0,0,0,0,0,0,0,0
CN1CCC[C@H]1c2cccnc2,Nicotine_analog_105,13.532051176854498,162.236,2,1,2,1,1,1,2,12,12,13,0.5,64,2,48.842000000000034,245.27530899395384,73.22976418910065,0.0,9.883888251797686,9.883888251797686,0.0,18.88348407499998,13.592428388589765,6.041840829147961,18.460054211687762,2,1,1,0,0,0,1,1,0,0,1,1,0,0,1,1,1,0,0,0,1,1,1,1,1
CC(=O)Oc1ccccc1C(=O)O,Aspirin_analog_106,63.98594365132371,180.15899999999996,3,2,1,1,0,0,4,13,13,13,0.1111111111111111,68,3,44.71030000000002,343.2228677267164,74.75705264447721,9.843390348640755,4.794537184071822,0.0,0.0,6.923737199690624,0.0,0.0,0.0,0,1,0,0,0,0,0,1,0,0,0,1,0,0,0,1,0,0,0,0,0,0,0,0,0
CC(C)c1ccc(O)c(C(C)C)c1,"2,5-Diisopropylphenol_analog_107",82.01158665219845,178.27499999999998,1,2,1,1,0,0,1,13,13,13,0.5,72,1,56.28480000000005,287.17599275295936,80.41528955807262,5.106527394840706,0.0,0.0,0.0,39.53076089108528,0.0,17.585323925606694,6.06636706846161,0,0,0,1,0,1,0,1,1,1,0,1,0,0,0,1,0,0,0,0,0,0,0,0,0
CC(C)NCC(COc1ccccc1)O,Propranolol_analog_108,35.26549322345622,209.28900000000002,3,6,1,1,0,0,3,15,15,15,0.5,84,3,61.08250000000004,261.5844462065182,91.07869697118757,15.160178952647085,0.0,5.316788604006331,0.0,25.993281616277514,13.151638370425493,19.193479199573453,44.179309741689295,1,1,1,0,1,1,0,1,0,1,1,1,1,1,1,1,0,0,1,1,0,0,0,0,0
CC(C)Cc1ccc(cc1)C(C)C,p-Isobutylisopropylbenzene_analog_109,80.7619183698637,176.30299999999997,0,3,1,1,0,0,0,13,13,13,0.5384615384615384,72,0,59.07300000000005,241.2457497788808,81.9859979202732,0.0,0.0,0.0,5.917906046161393,40.0336764678499,0.0,5.917906046161393,0.0,0,0,0,1,0,0,0,1,1,1,0,1,0,0,0,0,0,0,0,0,0,0,0,0,0
CC(C)c1ccc(O)c(C(C)C)c1,"2,6-Diisopropylphenol_analog_110",76.10613946490685,178.27499999999998,1,2,1,1,0,0,1,13,13,13,0.5,72,1,56.28480000000005,287.17599275295936,80.41528955807262,5.106527394840706,0.0,0.0,0.0,39.53076089108528,0.0,17.585323925606694,6.06636706846161,0,0,0,1,0,1,0,1,1,1,0,1,0,0,0,1,0,0,0,0,0,0,0,0,0
CC(C)NCC(COc1ccccc1)O,Atenolol_analog_111,43.80765655402797,209.28900000000002,3,6,1,1,0,0,3,15,15,15,0.5,84,3,61.08250000000004,261.5844462065182,91.07869697118757,15.160178952647085,0.0,5.316788604006331,0.0,25.993281616277514,13.151638370425493,19.193479199573453,44.179309741689295,1,1,1,0,1,1,0,1,0,1,1,1,1,1,1,1,0,0,1,1,0,0,0,0,0
CC(C)(C)c1ccccc1,tert-Butylbenzene_analog_112,82.1217748376641,134.22199999999998,0,0,1,1,0,0,0,10,10,10,0.4,54,0,45.14200000000003,191.02833704135648,62.89117157708339,0.0,0.0,0.0,0.0,26.186202068468653,0.0,5.41499046939678,0.0,0,1,0,0,0,0,0,1,0,0,0,1,0,0,0,0,0,0,0,0,0,0,0,0,0
c1ccc(cc1)C(C)(C)C,tert-Butylbenzene_analog_113,82.93452161170929,134.22199999999998,0,0,1,1,0,0,0,10,10,10,0.4,54,0,45.14200000000003,191.0283370413565,62.89117157708339,0.0,0.0,0.0,0.0,26.186202068468653,0.0,5.41499046939678,0.0,0,1,0,0,0,0,0,1,0,0,0,1,0,0,0,0,0,0,0,0,0,0,0,0,0
CC(C)c1ccc(cc1)C(C)C,p-Diisopropylbenzene_analog_114,91.68764492336234,162.27599999999995,0,2,1,1,0,0,0,12,12,12,0.5,66,0,54.62000000000005,201.72015243201014,75.6210558058766,0.0,0.0,0.0,0.0,39.53076089108528,0.0,11.835812092322787,0.0,0,0,0,1,0,0,0,1,0,1,0,1,0,0,0,0,0,0,0,0,0,0,0,0,0
CCCCCCCCCCCCCCCCCCCc1ccc(O)cc1,Octylphenol_analog_115,70.75859161949224,360.626,1,18,1,1,0,0,1,26,26,26,0.76,150,1,115.97380000000008,395.11929472198574,163.15953704522855,5.106527394840706,0.0,0.0,0.0,122.49852641235884,0.0,5.749511833283905,12.13273413692322,0,0,0,0,0,1,0,1,0,1,0,1,0,0,1,1,0,0,0,0,0,0,0,0,0
c1ccc(cc1)C(C)C,Isopropylbenzene_analog_116,82.76414355111012,120.19499999999996,0,1,1,1,0,0,0,9,9,9,0.3333333333333333,48,0,40.53100000000002,162.65300142116237,56.52622946268678,0.0,0.0,0.0,0.0,19.76538044554264,0.0,5.917906046161393,6.06636706846161,0,1,0,1,0,0,0,1,0,1,0,1,0,0,0,0,0,0,0,0,0,0,0,0,0
CC(C)c1ccccc1O,2-Isopropylphenol_analog_117,79.25828386778585,136.19399999999996,1,1,1,1,0,0,1,10,10,10,0.3333333333333333,54,1,42.19580000000002,215.72318047941278,61.32046321488279,5.106527394840706,0.0,0.0,0.0,19.76538044554264,0.0,11.6674178794453,18.19910120538483,0,1,0,0,0,0,0,1,1,1,0,1,0,0,0,1,0,0,0,0,0,0,0,0,0
CC(C)c1ccccc1,Cumene_analog_118,81.58178184622705,120.19499999999995,0,1,1,1,0,0,0,9,9,9,0.3333333333333333,48,0,40.53100000000002,162.65300142116237,56.52622946268678,0.0,0.0,0.0,0.0,19.76538044554264,0.0,5.917906046161393,6.06636706846161,0,1,0,1,0,0,0,1,0,1,0,1,0,0,0,0,0,0,0,0,0,0,0,0,0
CC(C)c1ccc(O)cc1C(C)C,"2,4-Diisopropylphenol_analog_119",85.08948720968424,178.27499999999995,1,2,1,1,0,0,1,13,13,13,0.5,72,1,56.28480000000004,287.17599275295936,80.41528955807262,5.106527394840706,0.0,0.0,0.0,39.53076089108528,0.0,17.585323925606694,12.13273413692322,0,0,0,0,0,0,0,1,0,1,0,1,1,1,0,1,0,0,0,0,0,0,0,0,0
CC(C)c1ccccc1C(C)C,"3,5-Diisopropylbenzene_analog_120",85.39662250265471,162.27599999999995,0,2,1,1,0,0,0,12,12,12,0.5,66,0,54.62000000000005,218.97015243201014,75.6210558058766,0.0,0.0,0.0,0.0,39.53076089108528,0.0,11.835812092322787,0.0,0,1,0,0,0,0,0,1,0,1,0,1,0,0,0,0,0,0,0,0,0,0,0,0,0
CC(C)c1ccccc1C(C)C,"3,5-Diisopropylbenzene_analog_121",77.23186386835435,162.27599999999995,0,2,1,1,0,0,0,12,12,12,0.5,66,0,54.62000000000005,218.97015243201014,75.6210558058766,0.0,0.0,0.0,0.0,39.53076089108528,0.0,11.835812092322787,0.0,0,1,0,0,0,0,0,1,0,1,0,1,0,0,0,0,0,0,0,0,0,0,0,0,0
c1ccc(cc1)C(C)(C)C,tert-Butylbenzene_analog_122,78.4200850497595,134.22199999999998,0,0,1,1,0,0,0,10,10,10,0.4,54,0,45.14200000000003,191.0283370413565,62.89117157708339,0.0,0.0,0.0,0.0,26.186202068468653,0.0,5.41499046939678,0.0,0,1,0,0,0,0,0,1,0,0,0,1,0,0,0,0,0,0,0,0,0,0,0,0,0
CC(=O)Oc1ccccc1C(=O)O,Aspirin_analog_123,61.933383035854064,180.15899999999996,3,2,1,1,0,0,4,13,13,13,0.1111111111111111,68,3,44.71030000000002,343.2228677267164,74.75705264447721,9.843390348640755,4.794537184071822,0.0,0.0,6.923737199690624,0.0,0.0,0.0,0,1,0,0,0,0,0,1,0,0,0,1,0,0,0,1,0,0,0,0,0,0,0,0,0
c1ccc(cc1)c2ccccc2,Biphenyl_analog_124,78.65932518975315,154.21199999999996,0,1,2,2,0,0,0,12,12,13,0.0,58,0,51.87800000000003,297.4313204906765,72.48849732556099,0.0,0.0,0.0,0.0,0.0,0.0,0.0,12.13273413692322,0,1,0,0,0,0,0,1,0,0,0,0,0,0,0,0,0,0,1,0,0,0,0,0,0
CC(C)c1ccccc1C(C)C,"3,5-Diisopropylbenzene_analog_125",83.48497559359227,162.27599999999995,0,2,1,1,0,0,0,12,12,12,0.5,66,0,54.62000000000005,218.97015243201014,75.6210558058766,0.0,0.0,0.0,0.0,39.53076089108528,0.0,11.835812092322787,0.0,0,1,0,0,0,0,0,1,0,1,0,1,0,0,0,0,0,0,0,0,0,0,0,0,0
CC(C)c1ccccc1,Cumene_analog_126,90.75921868035783,120.19499999999995,0,1,1,1,0,0,0,9,9,9,0.3333333333333333,48,0,40.53100000000002,162.65300142116237,56.52622946268678,0.0,0.0,0.0,0.0,19.76538044554264,0.0,5.917906046161393,6.06636706846161,0,1,0,1,0,0,0,1,0,1,0,1,0,0,0,0,0,0,0,0,0,0,0,0,0
c1ccc(cc1)C(C)C,Isopropylbenzene_analog_127,89.89612858349169,120.19499999999996,0,1,1,1,0,0,0,9,9,9,0.3333333333333333,48,0,40.53100000000002,162.65300142116237,56.52622946268678,0.0,0.0,0.0,0.0,19.76538044554264,0.0,5.917906046161393,6.06636706846161,0,1,0,1,0,0,0,1,0,1,0,1,0,0,0,0,0,0,0,0,0,0,0,0,0
CC(=O)Oc1ccccc1C(=O)O,Aspirin_analog_128,56.58816892219558,180.15899999999996,3,2,1,1,0,0,4,13,13,13,0.1111111111111111,68,3,44.71030000000002,343.2228677267164,74.75705264447721,9.843390348640755,4.794537184071822,0.0,0.0,6.923737199690624,0.0,0.0,0.0,0,1,0,0,0,0,0,1,0,0,0,1,0,0,0,1,0,0,0,0,0,0,0,0,0
CC(C)c1ccc(O)c(c1)C(C)C,"3,5-Diisopropylphenol_analog_129",90.72027811140372,178.27499999999998,1,2,1,1,0,0,1,13,13,13,0.5,72,1,56.28480000000004,287.17599275295936,80.41528955807262,5.106527394840706,0.0,0.0,0.0,39.53076089108528,0.0,17.585323925606694,6.06636706846161,0,0,0,1,0,1,0,1,1,1,0,1,0,0,0,1,0,0,0,0,0,0,0,0,0
O=C(O)Cc1ccccc1Nc2c(Cl)cccc2Cl,Diclofenac_analog_130,38.48071025117405,296.153,2,4,2,2,0,0,5,19,19,20,0.07142857142857142,98,2,77.52650000000003,593.8950014443018,120.33053204396538,10.423315998847038,4.794537184071822,0.0,0.0,6.4208216229260096,5.316788604006331,26.983490668546775,6.06636706846161,1,1,0,0,1,1,1,1,0,0,0,0,0,0,0,1,0,0,0,1,0,0,0,0,1
CC(C)NCC(COc1ccccc1)O,Atenolol_analog_131,39.42498439493249,209.28900000000002,3,6,1,1,0,0,3,15,15,15,0.5,84,3,61.08250000000004,261.5844462065182,91.07869697118757,15.160178952647085,0.0,5.316788604006331,0.0,25.993281616277514,13.151638370425493,19.193479199573453,44.179309741689295,1,1,1,0,1,1,0,1,0,1,1,1,1,1,1,1,0,0,1,1,0,0,0,0,0
c1ccc(cc1)CC(C)C,Isobutylbenzene_analog_132,76.6540264069407,134.22199999999998,0,2,1,1,0,0,0,10,10,10,0.4,54,0,44.98400000000003,174.4896154807834,62.89117157708339,0.0,0.0,0.0,5.917906046161393,20.268296022307258,0.0,0.0,0.0,0,1,0,0,0,0,0,1,1,1,0,1,0,0,0,0,0,1,0,0,0,0,0,0,0
CC(C)Cc1ccccc1,Isobutylbenzene_analog_133,84.84927864311504,134.22199999999998,0,2,1,1,0,0,0,10,10,10,0.4,54,0,44.98400000000003,174.4896154807834,62.89117157708339,0.0,0.0,0.0,5.917906046161393,20.268296022307258,0.0,0.0,0.0,0,1,0,0,0,0,0,1,1,1,0,1,0,0,0,0,0,1,0,0,0,0,0,0,0
c1ccc(cc1)CC(=O)O,Phenylacetic acid_analog_134,77.82495300528988,136.14999999999998,1,2,1,1,0,0,2,10,10,10,0.125,52,1,37.781800000000004,215.9590174505521,59.117043200529956,5.106527394840706,4.794537184071822,0.0,0.0,6.4208216229260096,0.0,0.0,18.19910120538483,0,1,0,0,1,1,0,1,0,0,0,0,0,0,0,1,0,1,0,0,0,0,0,0,0
CC(C)NCC(COc1ccccc1)O,Atenolol_analog_135,54.09938985897283,209.28900000000002,3,6,1,1,0,0,3,15,15,15,0.5,84,3,61.08250000000004,261.5844462065182,91.07869697118757,15.160178952647085,0.0,5.316788604006331,0.0,25.993281616277514,13.151638370425493,19.193479199573453,44.179309741689295,1,1,1,0,1,1,0,1,0,1,1,1,1,1,1,1,0,0,1,1,0,0,0,0,0
CC(C)Cc1ccc(cc1)C(C)C(=O)O,Phenytoin_analog_136,79.34790952993949,206.28499999999997,1,4,1,1,0,0,2,15,15,15,0.46153846153846156,82,1,61.03480000000004,324.8941190021566,90.94175377251301,5.106527394840706,4.794537184071822,0.0,5.917906046161393,33.10993926815928,0.0,5.917906046161393,24.26546827384644,0,0,1,0,0,0,0,1,1,1,0,1,0,0,0,1,0,0,0,0,0,0,0,0,0
CC(C)NCC(COc1ccccc1)O,Propranolol_analog_137,32.31738243800538,209.28900000000002,3,6,1,1,0,0,3,15,15,15,0.5,84,3,61.08250000000004,261.5844462065182,91.07869697118757,15.160178952647085,0.0,5.316788604006331,0.0,25.993281616277514,13.151638370425493,19.193479199573453,44.179309741689295,1,1,1,0,1,1,0,1,0,1,1,1,1,1,1,1,0,0,1,1,0,0,0,0,0
CC(C)c1ccccc1C(C)C,"3,5-Diisopropylbenzene_analog_138",87.45191570610433,162.27599999999995,0,2,1,1,0,0,0,12,12,12,0.5,66,0,54.62000000000005,218.97015243201014,75.6210558058766,0.0,0.0,0.0,0.0,39.53076089108528,0.0,11.835812092322787,0.0,0,1,0,0,0,0,0,1,0,1,0,1,0,0,0,0,0,0,0,0,0,0,0,0,0
c1ccc(cc1)C(c2ccccc2)c3ccccc3,Triphenylmethane_analog_139,22.10009291533015,244.337,0,3,3,3,0,0,0,19,19,21,0.05263157894736842,92,0,80.27100000000004,518.0619248819434,113.91053364602166,0.0,0.0,0.0,0.0,5.917906046161393,0.0,5.917906046161393,0.0,0,1,0,0,0,0,0,1,0,0,0,0,0,0,0,0,0,1,0,0,0,0,0,0,1
CC(C)CC(C)C(=O)O,3-Methylbutyric acid_analog_140,96.8438650467814,130.18699999999998,1,3,0,0,0,0,2,9,9,8,0.8571428571428571,54,1,36.25479999999999,97.089273230246,55.884659566448974,5.106527394840706,4.794537184071822,0.0,11.835812092322787,27.19203322199788,0.0,5.917906046161393,13.847474399381248,0,0,0,0,0,0,0,0,0,1,0,1,0,0,0,1,1,0,0,0,0,0,0,0,0
CC(C)c1ccc(O)cc1C(C)C,"2,4-Diisopropylphenol_analog_141",73.42410272791543,178.27499999999995,1,2,1,1,0,0,1,13,13,13,0.5,72,1,56.28480000000004,287.17599275295936,80.41528955807262,5.106527394840706,0.0,0.0,0.0,39.53076089108528,0.0,17.585323925606694,12.13273413692322,0,0,0,0,0,0,0,1,0,1,0,1,1,1,0,1,0,0,0,0,0,0,0,0,0
CC(C)c1ccc(cc1)C(C)C,p-Diisopropylbenzene_analog_142,68.24240907945922,162.27599999999995,0,2,1,1,0,0,0,12,12,12,0.5,66,0,54.62000000000005,201.72015243201014,75.6210558058766,0.0,0.0,0.0,0.0,39.53076089108528,0.0,11.835812092322787,0.0,0,0,0,1,0,0,0,1,0,1,0,1,0,0,0,0,0,0,0,0,0,0,0,0,0
CC(C)Cc1ccc(cc1)C(C)C(=O)O,Ibuprofen_analog_143,89.35366117562099,206.28499999999997,1,4,1,1,0,0,2,15,15,15,0.46153846153846156,82,1,61.03480000000004,324.8941190021566,90.94175377251301,5.106527394840706,4.794537184071822,0.0,5.917906046161393,33.10993926815928,0.0,5.917906046161393,24.26546827384644,0,0,1,0,0,0,0,1,1,1,0,1,0,0,0,1,0,0,0,0,0,0,0,0,0
CN1C=NC2=C1C(=O)N(C(=O)N2C)C,Caffeine_analog_144,99.0,194.194,6,0,2,2,0,0,6,14,14,15,0.375,74,6,51.19600000000001,616.5285919942219,79.02895701814933,4.567099647791355,13.928736479654532,18.685277464321274,21.143015948031568,0.0,0.0,11.16387793838399,0.0,4,1,0,0,0,0,0,0,0,1,0,1,0,0,0,1,0,1,1,0,0,0,1,0,0
CC(C)c1ccccc1,Cumene_analog_145,99.0,120.19499999999995,0,1,1,1,0,0,0,9,9,9,0.3333333333333333,48,0,40.53100000000002,162.65300142116237,56.52622946268678,0.0,0.0,0.0,0.0,19.76538044554264,0.0,5.917906046161393,6.06636706846161,0,1,0,1,0,0,0,1,0,1,0,1,0,0,0,0,0,0,0,0,0,0,0,0,0
CN1CCC[C@H]1c2cccnc2,Nicotine_analog_146,23.170991520515532,162.236,2,1,2,1,1,1,2,12,12,13,0.5,64,2,48.842000000000034,245.27530899395384,73.22976418910065,0.0,9.883888251797686,9.883888251797686,0.0,18.88348407499998,13.592428388589765,6.041840829147961,18.460054211687762,2,1,1,0,0,0,1,1,0,0,1,1,0,0,1,1,1,0,0,0,1,1,1,1,1
CC(C)Cc1ccccc1,Isobutylbenzene_analog_147,83.81967947683303,134.22199999999998,0,2,1,1,0,0,0,10,10,10,0.4,54,0,44.98400000000003,174.4896154807834,62.89117157708339,0.0,0.0,0.0,5.917906046161393,20.268296022307258,0.0,0.0,0.0,0,1,0,0,0,0,0,1,1,1,0,1,0,0,0,0,0,1,0,0,0,0,0,0,0
CC(C)c1ccccc1C(C)C,"3,5-Diisopropylbenzene_analog_148",94.45714203425942,162.27599999999995,0,2,1,1,0,0,0,12,12,12,0.5,66,0,54.62000000000005,218.97015243201014,75.6210558058766,0.0,0.0,0.0,0.0,39.53076089108528,0.0,11.835812092322787,0.0,0,1,0,0,0,0,0,1,0,1,0,1,0,0,0,0,0,0,0,0,0,0,0,0,0
CC(=O)Oc1ccccc1C(=O)O,Aspirin_analog_149,76.00388486209684,180.15899999999996,3,2,1,1,0,0,4,13,13,13,0.1111111111111111,68,3,44.71030000000002,343.2228677267164,74.75705264447721,9.843390348640755,4.794537184071822,0.0,0.0,6.923737199690624,0.0,0.0,0.0,0,1,0,0,0,0,0,1,0,0,0,1,0,0,0,1,0,0,0,0,0,0,0,0,0
CC(C)Cc1ccc(cc1)C(C)C(=O)O,Phenytoin_analog_150,76.21936689807407,206.28499999999997,1,4,1,1,0,0,2,15,15,15,0.46153846153846156,82,1,61.03480000000004,324.8941190021566,90.94175377251301,5.106527394840706,4.794537184071822,0.0,5.917906046161393,33.10993926815928,0.0,5.917906046161393,24.26546827384644,0,0,1,0,0,0,0,1,1,1,0,1,0,0,0,1,0,0,0,0,0,0,0,0,0
CC(C)Cc1ccc(cc1)C(C)C,p-Isobutylisopropylbenzene_analog_151,95.3951745141159,176.30299999999997,0,3,1,1,0,0,0,13,13,13,0.5384615384615384,72,0,59.07300000000005,241.2457497788808,81.9859979202732,0.0,0.0,0.0,5.917906046161393,40.0336764678499,0.0,5.917906046161393,0.0,0,0,0,1,0,0,0,1,1,1,0,1,0,0,0,0,0,0,0,0,0,0,0,0,0
CC(C)c1cc(C(=O)O)ccc1O,Naproxen_analog_152,88.06283075160357,180.20299999999997,2,2,1,1,0,0,3,13,13,13,0.3,70,2,49.155100000000026,328.94178503314396,76.64116118151918,10.213054789681411,0.0,0.0,0.0,19.76538044554264,0.0,5.563451491696996,13.847474399381248,0,0,0,0,0,0,0,1,1,1,0,1,0,0,0,1,0,0,0,0,0,0,0,0,0
CC(C)CC(C)C(=O)O,3-Methylbutyric acid_analog_153,94.003942802767,130.18699999999998,1,3,0,0,0,0,2,9,9,8,0.8571428571428571,54,1,36.25479999999999,97.089273230246,55.884659566448974,5.106527394840706,4.794537184071822,0.0,11.835812092322787,27.19203322199788,0.0,5.917906046161393,13.847474399381248,0,0,0,0,0,0,0,0,0,1,0,1,0,0,0,1,1,0,0,0,0,0,0,0,0
CC(C)Cc1ccccc1,Isobutylbenzene_analog_154,84.7715856759758,134.22199999999998,0,2,1,1,0,0,0,10,10,10,0.4,54,0,44.98400000000003,174.4896154807834,62.89117157708339,0.0,0.0,0.0,5.917906046161393,20.268296022307258,0.0,0.0,0.0,0,1,0,0,0,0,0,1,1,1,0,1,0,0,0,0,0,1,0,0,0,0,0,0,0
CC(C)NCC(COc1ccccc1)O,Atenolol_analog_155,56.83198229195921,209.28900000000002,3,6,1,1,0,0,3,15,15,15,0.5,84,3,61.08250000000004,261.5844462065182,91.07869697118757,15.160178952647085,0.0,5.316788604006331,0.0,25.993281616277514,13.151638370425493,19.193479199573453,44.179309741689295,1,1,1,0,1,1,0,1,0,1,1,1,1,1,1,1,0,0,1,1,0,0,0,0,0
CC(C)c1ccccc1C(C)C,"2,4-Diisopropylbenzene_analog_156",97.3087508586037,162.27599999999995,0,2,1,1,0,0,0,12,12,12,0.5,66,0,54.62000000000005,218.97015243201014,75.6210558058766,0.0,0.0,0.0,0.0,39.53076089108528,0.0,11.835812092322787,0.0,0,1,0,0,0,0,0,1,0,1,0,1,0,0,0,0,0,0,0,0,0,0,0,0,0
CC(C)(C)c1ccccc1,tert-Butylbenzene_analog_157,86.39866409593176,134.22199999999998,0,0,1,1,0,0,0,10,10,10,0.4,54,0,45.14200000000003,191.02833704135648,62.89117157708339,0.0,0.0,0.0,0.0,26.186202068468653,0.0,5.41499046939678,0.0,0,1,0,0,0,0,0,1,0,0,0,1,0,0,0,0,0,0,0,0,0,0,0,0,0
CC(C)c1ccccc1C(C)C,"2,4-Diisopropylbenzene_analog_158",73.26516086112609,162.27599999999995,0,2,1,1,0,0,0,12,12,12,0.5,66,0,54.62000000000005,218.97015243201014,75.6210558058766,0.0,0.0,0.0,0.0,39.53076089108528,0.0,11.835812092322787,0.0,0,1,0,0,0,0,0,1,0,1,0,1,0,0,0,0,0,0,0,0,0,0,0,0,0
CC(C)Cc1ccccc1,Isobutylbenzene_analog_159,81.96114444279176,134.22199999999998,0,2,1,1,0,0,0,10,10,10,0.4,54,0,44.98400000000003,174.4896154807834,62.89117157708339,0.0,0.0,0.0,5.917906046161393,20.268296022307258,0.0,0.0,0.0,0,1,0,0,0,0,0,1,1,1,0,1,0,0,0,0,0,1,0,0,0,0,0,0,0
CC(C)c1ccccc1C(C)C,"2,4-Diisopropylbenzene_analog_160",79.93341354987277,162.27599999999995,0,2,1,1,0,0,0,12,12,12,0.5,66,0,54.62000000000005,218.97015243201014,75.6210558058766,0.0,0.0,0.0,0.0,39.53076089108528,0.0,11.835812092322787,0.0,0,1,0,0,0,0,0,1,0,1,0,1,0,0,0,0,0,0,0,0,0,0,0,0,0
CC(C)CC(C)C(=O)O,3-Methylbutyric acid_analog_161,99.0,130.18699999999998,1,3,0,0,0,0,2,9,9,8,0.8571428571428571,54,1,36.25479999999999,97.089273230246,55.884659566448974,5.106527394840706,4.794537184071822,0.0,11.835812092322787,27.19203322199788,0.0,5.917906046161393,13.847474399381248,0,0,0,0,0,0,0,0,0,1,0,1,0,0,0,1,1,0,0,0,0,0,0,0,0
CC(C)c1cc(C(=O)O)ccc1O,Naproxen_analog_162,89.12361880041979,180.20299999999997,2,2,1,1,0,0,3,13,13,13,0.3,70,2,49.155100000000026,328.94178503314396,76.64116118151918,10.213054789681411,0.0,0.0,0.0,19.76538044554264,0.0,5.563451491696996,13.847474399381248,0,0,0,0,0,0,0,1,1,1,0,1,0,0,0,1,0,0,0,0,0,0,0,0,0
c1ccc(cc1)c2ccccc2,Biphenyl_analog_163,78.34494817564469,154.21199999999996,0,1,2,2,0,0,0,12,12,13,0.0,58,0,51.87800000000003,297.4313204906765,72.48849732556099,0.0,0.0,0.0,0.0,0.0,0.0,0.0,12.13273413692322,0,1,0,0,0,0,0,1,0,0,0,0,0,0,0,0,0,0,1,0,0,0,0,0,0
Cc1oncc1C(=O)Nc1ccc(cc1)C(F)(F)F,Leflunomide_analog_164,64.90777563371489,270.21,3,2,2,2,0,0,7,19,19,20,0.16666666666666666,100,3,60.63720000000001,587.7671184973083,105.75664771197401,9.83988354097968,4.794537184071822,5.156663257125445,0.0,13.100035717134098,5.316788604006331,5.760247418874442,0.0,2,1,0,0,0,0,1,1,0,0,0,1,0,1,1,1,0,0,1,0,0,1,1,0,1
c1ccc(cc1)CC(=O)O,Phenylacetic acid_analog_165,70.88388456299582,136.14999999999998,1,2,1,1,0,0,2,10,10,10,0.125,52,1,37.781800000000004,215.9590174505521,59.117043200529956,5.106527394840706,4.794537184071822,0.0,0.0,6.4208216229260096,0.0,0.0,18.19910120538483,0,1,0,0,1,1,0,1,0,0,0,0,0,0,0,1,0,1,0,0,0,0,0,0,0
c1ccc(cc1)CC(C)C,Isobutylbenzene_analog_166,75.47351772027649,134.22199999999998,0,2,1,1,0,0,0,10,10,10,0.4,54,0,44.98400000000003,174.4896154807834,62.89117157708339,0.0,0.0,0.0,5.917906046161393,20.268296022307258,0.0,0.0,0.0,0,1,0,0,0,0,0,1,1,1,0,1,0,0,0,0,0,1,0,0,0,0,0,0,0
c1ccc(cc1)CC(C)C,Isobutylbenzene_analog_167,89.02938838552717,134.22199999999998,0,2,1,1,0,0,0,10,10,10,0.4,54,0,44.98400000000003,174.4896154807834,62.89117157708339,0.0,0.0,0.0,5.917906046161393,20.268296022307258,0.0,0.0,0.0,0,1,0,0,0,0,0,1,1,1,0,1,0,0,0,0,0,1,0,0,0,0,0,0,0
CC(C)c1ccc(cc1)C(C)C,p-Diisopropylbenzene_analog_168,86.08324393444953,162.27599999999995,0,2,1,1,0,0,0,12,12,12,0.5,66,0,54.62000000000005,201.72015243201014,75.6210558058766,0.0,0.0,0.0,0.0,39.53076089108528,0.0,11.835812092322787,0.0,0,0,0,1,0,0,0,1,0,1,0,1,0,0,0,0,0,0,0,0,0,0,0,0,0
CC(C)c1ccc(cc1)C(C)C,p-Diisopropylbenzene_analog_169,88.10401513502326,162.27599999999995,0,2,1,1,0,0,0,12,12,12,0.5,66,0,54.62000000000005,201.72015243201014,75.6210558058766,0.0,0.0,0.0,0.0,39.53076089108528,0.0,11.835812092322787,0.0,0,0,0,1,0,0,0,1,0,1,0,1,0,0,0,0,0,0,0,0,0,0,0,0,0
CC(C)Cc1ccc(cc1)C(C)C,p-Isobutylisopropylbenzene_analog_170,96.62827261725852,176.30299999999997,0,3,1,1,0,0,0,13,13,13,0.5384615384615384,72,0,59.07300000000005,241.2457497788808,81.9859979202732,0.0,0.0,0.0,5.917906046161393,40.0336764678499,0.0,5.917906046161393,0.0,0,0,0,1,0,0,0,1,1,1,0,1,0,0,0,0,0,0,0,0,0,0,0,0,0
CC(C)c1ccccc1C(C)C,"2,6-Diisopropylbenzene_analog_171",73.7487578625476,162.27599999999995,0,2,1,1,0,0,0,12,12,12,0.5,66,0,54.62000000000005,218.97015243201014,75.6210558058766,0.0,0.0,0.0,0.0,39.53076089108528,0.0,11.835812092322787,0.0,0,1,0,0,0,0,0,1,0,1,0,1,0,0,0,0,0,0,0,0,0,0,0,0,0
CC(C)c1ccccc1C(C)C,"2,4-Diisopropylbenzene_analog_172",82.72376275124154,162.27599999999995,0,2,1,1,0,0,0,12,12,12,0.5,66,0,54.62000000000005,218.97015243201014,75.6210558058766,0.0,0.0,0.0,0.0,39.53076089108528,0.0,11.835812092322787,0.0,0,1,0,0,0,0,0,1,0,1,0,1,0,0,0,0,0,0,0,0,0,0,0,0,0
c1ccc(cc1)C(c2ccccc2)c3ccccc3,Triphenylmethane_analog_173,26.838790201588424,244.337,0,3,3,3,0,0,0,19,19,21,0.05263157894736842,92,0,80.27100000000004,518.0619248819434,113.91053364602166,0.0,0.0,0.0,0.0,5.917906046161393,0.0,5.917906046161393,0.0,0,1,0,0,0,0,0,1,0,0,0,0,0,0,0,0,0,1,0,0,0,0,0,0,1
c1ccc(cc1)c2ccccc2,Biphenyl_analog_174,78.17419425016904,154.21199999999996,0,1,2,2,0,0,0,12,12,13,0.0,58,0,51.87800000000003,297.4313204906765,72.48849732556099,0.0,0.0,0.0,0.0,0.0,0.0,0.0,12.13273413692322,0,1,0,0,0,0,0,1,0,0,0,0,0,0,0,0,0,0,1,0,0,0,0,0,0
CC(C)c1ccc(O)c(c1)C(C)C,"3,5-Diisopropylphenol_analog_175",73.2122977173932,178.27499999999998,1,2,1,1,0,0,1,13,13,13,0.5,72,1,56.28480000000004,287.17599275295936,80.41528955807262,5.106527394840706,0.0,0.0,0.0,39.53076089108528,0.0,17.585323925606694,6.06636706846161,0,0,0,1,0,1,0,1,1,1,0,1,0,0,0,1,0,0,0,0,0,0,0,0,0
CC(C)Cc1ccc(cc1)C(C)C,p-Isobutylisopropylbenzene_analog_176,90.71200395273674,176.30299999999997,0,3,1,1,0,0,0,13,13,13,0.5384615384615384,72,0,59.07300000000005,241.2457497788808,81.9859979202732,0.0,0.0,0.0,5.917906046161393,40.0336764678499,0.0,5.917906046161393,0.0,0,0,0,1,0,0,0,1,1,1,0,1,0,0,0,0,0,0,0,0,0,0,0,0,0
c1ccc(cc1)C(C)C,Isopropylbenzene_analog_177,79.00694088894673,120.19499999999996,0,1,1,1,0,0,0,9,9,9,0.3333333333333333,48,0,40.53100000000002,162.65300142116237,56.52622946268678,0.0,0.0,0.0,0.0,19.76538044554264,0.0,5.917906046161393,6.06636706846161,0,1,0,1,0,0,0,1,0,1,0,1,0,0,0,0,0,0,0,0,0,0,0,0,0
CC(C)c1ccc(O)c(c1)C(C)C,"3,5-Diisopropylphenol_analog_178",80.9227265435819,178.27499999999998,1,2,1,1,0,0,1,13,13,13,0.5,72,1,56.28480000000004,287.17599275295936,80.41528955807262,5.106527394840706,0.0,0.0,0.0,39.53076089108528,0.0,17.585323925606694,6.06636706846161,0,0,0,1,0,1,0,1,1,1,0,1,0,0,0,1,0,0,0,0,0,0,0,0,0
CC(C)c1ccccc1C(C)C,"2,4-Diisopropylbenzene_analog_179",75.40384763856913,162.27599999999995,0,2,1,1,0,0,0,12,12,12,0.5,66,0,54.62000000000005,218.97015243201014,75.6210558058766,0.0,0.0,0.0,0.0,39.53076089108528,0.0,11.835812092322787,0.0,0,1,0,0,0,0,0,1,0,1,0,1,0,0,0,0,0,0,0,0,0,0,0,0,0
CC(C)c1ccccc1O,2-Isopropylphenol_analog_180,77.22482134749798,136.19399999999996,1,1,1,1,0,0,1,10,10,10,0.3333333333333333,54,1,42.19580000000002,215.72318047941278,61.32046321488279,5.106527394840706,0.0,0.0,0.0,19.76538044554264,0.0,11.6674178794453,18.19910120538483,0,1,0,0,0,0,0,1,1,1,0,1,0,0,0,1,0,0,0,0,0,0,0,0,0
CC(C)c1cc(C(=O)O)ccc1O,Naproxen_analog_181,96.71274995304164,180.20299999999997,2,2,1,1,0,0,3,13,13,13,0.3,70,2,49.155100000000026,328.94178503314396,76.64116118151918,10.213054789681411,0.0,0.0,0.0,19.76538044554264,0.0,5.563451491696996,13.847474399381248,0,0,0,0,0,0,0,1,1,1,0,1,0,0,0,1,0,0,0,0,0,0,0,0,0
CC(C)c1ccc(O)c(c1)C(C)C,"3,5-Diisopropylphenol_analog_182",65.03408977030409,178.27499999999998,1,2,1,1,0,0,1,13,13,13,0.5,72,1,56.28480000000004,287.17599275295936,80.41528955807262,5.106527394840706,0.0,0.0,0.0,39.53076089108528,0.0,17.585323925606694,6.06636706846161,0,0,0,1,0,1,0,1,1,1,0,1,0,0,0,1,0,0,0,0,0,0,0,0,0
CC(C)c1cc(C(=O)O)ccc1O,Naproxen_analog_183,87.92914051039094,180.20299999999997,2,2,1,1,0,0,3,13,13,13,0.3,70,2,49.155100000000026,328.94178503314396,76.64116118151918,10.213054789681411,0.0,0.0,0.0,19.76538044554264,0.0,5.563451491696996,13.847474399381248,0,0,0,0,0,0,0,1,1,1,0,1,0,0,0,1,0,0,0,0,0,0,0,0,0
CC(C)c1ccc(O)cc1C(C)C,"2,4-Diisopropylphenol_analog_184",71.22980084756422,178.27499999999995,1,2,1,1,0,0,1,13,13,13,0.5,72,1,56.28480000000004,287.17599275295936,80.41528955807262,5.106527394840706,0.0,0.0,0.0,39.53076089108528,0.0,17.585323925606694,12.13273413692322,0,0,0,0,0,0,0,1,0,1,0,1,1,1,0,1,0,0,0,0,0,0,0,0,0
CC(C)c1ccccc1C(C)C,"2,6-Diisopropylbenzene_analog_185",93.459388070899,162.27599999999995,0,2,1,1,0,0,0,12,12,12,0.5,66,0,54.62000000000005,218.97015243201014,75.6210558058766,0.0,0.0,0.0,0.0,39.53076089108528,0.0,11.835812092322787,0.0,0,1,0,0,0,0,0,1,0,1,0,1,0,0,0,0,0,0,0,0,0,0,0,0,0
c1ccc(cc1)c2ccccc2,Biphenyl_analog_186,75.41088687583708,154.21199999999996,0,1,2,2,0,0,0,12,12,13,0.0,58,0,51.87800000000003,297.4313204906765,72.48849732556099,0.0,0.0,0.0,0.0,0.0,0.0,0.0,12.13273413692322,0,1,0,0,0,0,0,1,0,0,0,0,0,0,0,0,0,0,1,0,0,0,0,0,0
CC(C)c1ccc(cc1)C(C)C,p-Diisopropylbenzene_analog_187,96.6644099454022,162.27599999999995,0,2,1,1,0,0,0,12,12,12,0.5,66,0,54.62000000000005,201.72015243201014,75.6210558058766,0.0,0.0,0.0,0.0,39.53076089108528,0.0,11.835812092322787,0.0,0,0,0,1,0,0,0,1,0,1,0,1,0,0,0,0,0,0,0,0,0,0,0,0,0
CC(C)c1ccccc1C(C)C,"2,4-Diisopropylbenzene_analog_188",91.43041641627924,162.27599999999995,0,2,1,1,0,0,0,12,12,12,0.5,66,0,54.62000000000005,218.97015243201014,75.6210558058766,0.0,0.0,0.0,0.0,39.53076089108528,0.0,11.835812092322787,0.0,0,1,0,0,0,0,0,1,0,1,0,1,0,0,0,0,0,0,0,0,0,0,0,0,0
c1ccc(cc1)C(C)(C)C,tert-Butylbenzene_analog_189,92.24097567965248,134.22199999999998,0,0,1,1,0,0,0,10,10,10,0.4,54,0,45.14200000000003,191.0283370413565,62.89117157708339,0.0,0.0,0.0,0.0,26.186202068468653,0.0,5.41499046939678,0.0,0,1,0,0,0,0,0,1,0,0,0,1,0,0,0,0,0,0,0,0,0,0,0,0,0
CC(C)c1ccccc1C(C)C,"2,4-Diisopropylbenzene_analog_190",78.16876502012377,162.27599999999995,0,2,1,1,0,0,0,12,12,12,0.5,66,0,54.62000000000005,218.97015243201014,75.6210558058766,0.0,0.0,0.0,0.0,39.53076089108528,0.0,11.835812092322787,0.0,0,1,0,0,0,0,0,1,0,1,0,1,0,0,0,0,0,0,0,0,0,0,0,0,0
CC(C)c1ccc(O)cc1C(C)C,"2,4-Diisopropylphenol_analog_192",99.0,178.27499999999995,1,2,1,1,0,0,1,13,13,13,0.5,72,1,56.28480000000004,287.17599275295936,80.41528955807262,5.106527394840706,0.0,0.0,0.0,39.53076089108528,0.0,17.585323925606694,12.13273413692322,0,0,0,0,0,0,0,1,0,1,0,1,1,1,0,1,0,0,0,0,0,0,0,0,0
CC(C)Cc1ccccc1,Isobutylbenzene_analog_194,89.9056208840329,134.22199999999998,0,2,1,1,0,0,0,10,10,10,0.4,54,0,44.98400000000003,174.4896154807834,62.89117157708339,0.0,0.0,0.0,5.917906046161393,20.268296022307258,0.0,0.0,0.0,0,1,0,0,0,0,0,1,1,1,0,1,0,0,0,0,0,1,0,0,0,0,0,0,0
CC(C)c1ccc(O)cc1,4-Isopropylphenol_analog_195,82.47784604287723,136.19399999999996,1,1,1,1,0,0,1,10,10,10,0.3333333333333333,54,1,42.19580000000002,198.47318047941278,61.32046321488279,5.106527394840706,0.0,0.0,0.0,19.76538044554264,0.0,11.6674178794453,12.13273413692322,0,0,0,1,0,0,0,1,0,1,0,1,0,0,0,1,0,0,0,0,0,0,0,0,0
CC(C)Cc1ccc(cc1)C(C)C,p-Isobutylisopropylbenzene_analog_196,91.07175376394612,176.30299999999997,0,3,1,1,0,0,0,13,13,13,0.5384615384615384,72,0,59.07300000000005,241.2457497788808,81.9859979202732,0.0,0.0,0.0,5.917906046161393,40.0336764678499,0.0,5.917906046161393,0.0,0,0,0,1,0,0,0,1,1,1,0,1,0,0,0,0,0,0,0,0,0,0,0,0,0
CC(C)c1ccccc1C(C)C,"2,6-Diisopropylbenzene_analog_197",86.32018238487471,162.27599999999995,0,2,1,1,0,0,0,12,12,12,0.5,66,0,54.62000000000005,218.97015243201014,75.6210558058766,0.0,0.0,0.0,0.0,39.53076089108528,0.0,11.835812092322787,0.0,0,1,0,0,0,0,0,1,0,1,0,1,0,0,0,0,0,0,0,0,0,0,0,0,0
c1ccc(cc1)CC(=O)O,Phenylacetic acid_analog_198,71.15256865736505,136.14999999999998,1,2,1,1,0,0,2,10,10,10,0.125,52,1,37.781800000000004,215.9590174505521,59.117043200529956,5.106527394840706,4.794537184071822,0.0,0.0,6.4208216229260096,0.0,0.0,18.19910120538483,0,1,0,0,1,1,0,1,0,0,0,0,0,0,0,1,0,1,0,0,0,0,0,0,0
Cc1oncc1C(=O)Nc1ccc(cc1)C(F)(F)F,Leflunomide_analog_199,98.51726853338806,270.21,3,2,2,2,0,0,7,19,19,20,0.16666666666666666,100,3,60.63720000000001,587.7671184973083,105.75664771197401,9.83988354097968,4.794537184071822,5.156663257125445,0.0,13.100035717134098,5.316788604006331,5.760247418874442,0.0,2,1,0,0,0,0,1,1,0,0,0,1,0,1,1,1,0,0,1,0,0,1,1,0,1
c1ccc(cc1)CC(=O)O,Phenylacetic acid_analog_200,63.06187845926601,136.14999999999998,1,2,1,1,0,0,2,10,10,10,0.125,52,1,37.781800000000004,215.9590174505521,59.117043200529956,5.106527394840706,4.794537184071822,0.0,0.0,6.4208216229260096,0.0,0.0,18.19910120538483,0,1,0,0,1,1,0,1,0,0,0,0,0,0,0,1,0,1,0,0,0,0,0,0,0
c1ccc(cc1)CC(=O)O,Phenylacetic acid_analog_201,80.8353566809573,136.14999999999998,1,2,1,1,0,0,2,10,10,10,0.125,52,1,37.781800000000004,215.9590174505521,59.117043200529956,5.106527394840706,4.794537184071822,0.0,0.0,6.4208216229260096,0.0,0.0,18.19910120538483,0,1,0,0,1,1,0,1,0,0,0,0,0,0,0,1,0,1,0,0,0,0,0,0,0
c1ccc(cc1)C(C)C,Isopropylbenzene_analog_202,64.95749929237955,120.19499999999996,0,1,1,1,0,0,0,9,9,9,0.3333333333333333,48,0,40.53100000000002,162.65300142116237,56.52622946268678,0.0,0.0,0.0,0.0,19.76538044554264,0.0,5.917906046161393,6.06636706846161,0,1,0,1,0,0,0,1,0,1,0,1,0,0,0,0,0,0,0,0,0,0,0,0,0
CC(C)c1ccccc1O,2-Isopropylphenol_analog_203,77.66971646688026,136.19399999999996,1,1,1,1,0,0,1,10,10,10,0.3333333333333333,54,1,42.19580000000002,215.72318047941278,61.32046321488279,5.106527394840706,0.0,0.0,0.0,19.76538044554264,0.0,11.6674178794453,18.19910120538483,0,1,0,0,0,0,0,1,1,1,0,1,0,0,0,1,0,0,0,0,0,0,0,0,0
CC(C)c1ccc(O)c(c1)C(C)C,"3,5-Diisopropylphenol_analog_204",81.21458403540483,178.27499999999998,1,2,1,1,0,0,1,13,13,13,0.5,72,1,56.28480000000004,287.17599275295936,80.41528955807262,5.106527394840706,0.0,0.0,0.0,39.53076089108528,0.0,17.585323925606694,6.06636706846161,0,0,0,1,0,1,0,1,1,1,0,1,0,0,0,1,0,0,0,0,0,0,0,0,0
CC(C)c1ccc(cc1)C(C)C(=O)O,Isobuprofen_analog_205,87.6831890650931,192.25799999999995,1,3,1,1,0,0,2,14,14,14,0.4166666666666667,76,1,56.58180000000004,311.59854355066295,84.5768116581164,5.106527394840706,4.794537184071822,0.0,0.0,32.60702369139466,0.0,5.917906046161393,24.26546827384644,0,0,1,1,0,0,0,1,1,1,0,1,0,0,0,1,0,0,0,0,0,0,0,0,0
CC(C)c1ccc(O)cc1C(C)C,"2,4-Diisopropylphenol_analog_206",68.79011227606216,178.27499999999995,1,2,1,1,0,0,1,13,13,13,0.5,72,1,56.28480000000004,287.17599275295936,80.41528955807262,5.106527394840706,0.0,0.0,0.0,39.53076089108528,0.0,17.585323925606694,12.13273413692322,0,0,0,0,0,0,0,1,0,1,0,1,1,1,0,1,0,0,0,0,0,0,0,0,0
CC(C)c1ccc(O)c(C(C)C)c1,"2,6-Diisopropylphenol_analog_207",89.1515527146026,178.27499999999998,1,2,1,1,0,0,1,13,13,13,0.5,72,1,56.28480000000005,287.17599275295936,80.41528955807262,5.106527394840706,0.0,0.0,0.0,39.53076089108528,0.0,17.585323925606694,6.06636706846161,0,0,0,1,0,1,0,1,1,1,0,1,0,0,0,1,0,0,0,0,0,0,0,0,0
CC(C)Cc1ccccc1,Isobutylbenzene_analog_208,87.07135217854409,134.22199999999998,0,2,1,1,0,0,0,10,10,10,0.4,54,0,44.98400000000003,174.4896154807834,62.89117157708339,0.0,0.0,0.0,5.917906046161393,20.268296022307258,0.0,0.0,0.0,0,1,0,0,0,0,0,1,1,1,0,1,0,0,0,0,0,1,0,0,0,0,0,0,0
CCCCCCCCCCCCCCCCCCCc1ccc(O)cc1,Octylphenol_analog_209,91.142444198711,360.626,1,18,1,1,0,0,1,26,26,26,0.76,150,1,115.97380000000008,395.11929472198574,163.15953704522855,5.106527394840706,0.0,0.0,0.0,122.49852641235884,0.0,5.749511833283905,12.13273413692322,0,0,0,0,0,1,0,1,0,1,0,1,0,0,1,1,0,0,0,0,0,0,0,0,0
c1ccc(cc1)C(c2ccccc2)c3ccccc3,Triphenylmethane_analog_210,11.110261713975008,244.337,0,3,3,3,0,0,0,19,19,21,0.05263157894736842,92,0,80.27100000000004,518.0619248819434,113.91053364602166,0.0,0.0,0.0,0.0,5.917906046161393,0.0,5.917906046161393,0.0,0,1,0,0,0,0,0,1,0,0,0,0,0,0,0,0,0,1,0,0,0,0,0,0,1
CC(C)Cc1ccc(cc1)C(C)C,p-Isobutylisopropylbenzene_analog_211,78.13960891471119,176.30299999999997,0,3,1,1,0,0,0,13,13,13,0.5384615384615384,72,0,59.07300000000005,241.2457497788808,81.9859979202732,0.0,0.0,0.0,5.917906046161393,40.0336764678499,0.0,5.917906046161393,0.0,0,0,0,1,0,0,0,1,1,1,0,1,0,0,0,0,0,0,0,0,0,0,0,0,0
c1ccc(cc1)C(C)C,Isopropylbenzene_analog_212,86.72004301297943,120.19499999999996,0,1,1,1,0,0,0,9,9,9,0.3333333333333333,48,0,40.53100000000002,162.65300142116237,56.52622946268678,0.0,0.0,0.0,0.0,19.76538044554264,0.0,5.917906046161393,6.06636706846161,0,1,0,1,0,0,0,1,0,1,0,1,0,0,0,0,0,0,0,0,0,0,0,0,0
CC(C)Cc1ccc(cc1)C(C)C(=O)O,Ibuprofen_analog_214,74.58067465828195,206.28499999999997,1,4,1,1,0,0,2,15,15,15,0.46153846153846156,82,1,61.03480000000004,324.8941190021566,90.94175377251301,5.106527394840706,4.794537184071822,0.0,5.917906046161393,33.10993926815928,0.0,5.917906046161393,24.26546827384644,0,0,1,0,0,0,0,1,1,1,0,1,0,0,0,1,0,0,0,0,0,0,0,0,0
CC(C)Cc1ccc(cc1)C(C)C(=O)O,Ibuprofen_analog_215,67.60937056140726,206.28499999999997,1,4,1,1,0,0,2,15,15,15,0.46153846153846156,82,1,61.03480000000004,324.8941190021566,90.94175377251301,5.106527394840706,4.794537184071822,0.0,5.917906046161393,33.10993926815928,0.0,5.917906046161393,24.26546827384644,0,0,1,0,0,0,0,1,1,1,0,1,0,0,0,1,0,0,0,0,0,0,0,0,0
CC(C)c1ccccc1C(C)C,"2,4-Diisopropylbenzene_analog_216",80.25496748716722,162.27599999999995,0,2,1,1,0,0,0,12,12,12,0.5,66,0,54.62000000000005,218.97015243201014,75.6210558058766,0.0,0.0,0.0,0.0,39.53076089108528,0.0,11.835812092322787,0.0,0,1,0,0,0,0,0,1,0,1,0,1,0,0,0,0,0,0,0,0,0,0,0,0,0
CC(C)(C)c1ccccc1,tert-Butylbenzene_analog_217,74.91292836531964,134.22199999999998,0,0,1,1,0,0,0,10,10,10,0.4,54,0,45.14200000000003,191.02833704135648,62.89117157708339,0.0,0.0,0.0,0.0,26.186202068468653,0.0,5.41499046939678,0.0,0,1,0,0,0,0,0,1,0,0,0,1,0,0,0,0,0,0,0,0,0,0,0,0,0
CC(C)Cc1ccccc1,Isobutylbenzene_analog_218,89.34289557643821,134.22199999999998,0,2,1,1,0,0,0,10,10,10,0.4,54,0,44.98400000000003,174.4896154807834,62.89117157708339,0.0,0.0,0.0,5.917906046161393,20.268296022307258,0.0,0.0,0.0,0,1,0,0,0,0,0,1,1,1,0,1,0,0,0,0,0,1,0,0,0,0,0,0,0
c1ccc(cc1)C(C)(C)C,tert-Butylbenzene_analog_219,78.69918471712903,134.22199999999998,0,0,1,1,0,0,0,10,10,10,0.4,54,0,45.14200000000003,191.0283370413565,62.89117157708339,0.0,0.0,0.0,0.0,26.186202068468653,0.0,5.41499046939678,0.0,0,1,0,0,0,0,0,1,0,0,0,1,0,0,0,0,0,0,0,0,0,0,0,0,0
CC(C)c1ccc(O)c(C(C)C)c1,"2,5-Diisopropylphenol_analog_220",93.38899529716224,178.27499999999998,1,2,1,1,0,0,1,13,13,13,0.5,72,1,56.28480000000005,287.17599275295936,80.41528955807262,5.106527394840706,0.0,0.0,0.0,39.53076089108528,0.0,17.585323925606694,6.06636706846161,0,0,0,1,0,1,0,1,1,1,0,1,0,0,0,1,0,0,0,0,0,0,0,0,0
CC(C)c1cc(C(=O)O)ccc1O,Naproxen_analog_221,89.15406877416277,180.20299999999997,2,2,1,1,0,0,3,13,13,13,0.3,70,2,49.155100000000026,328.94178503314396,76.64116118151918,10.213054789681411,0.0,0.0,0.0,19.76538044554264,0.0,5.563451491696996,13.847474399381248,0,0,0,0,0,0,0,1,1,1,0,1,0,0,0,1,0,0,0,0,0,0,0,0,0
c1ccc(cc1)C(C)C,Isopropylbenzene_analog_222,69.76064213389496,120.19499999999996,0,1,1,1,0,0,0,9,9,9,0.3333333333333333,48,0,40.53100000000002,162.65300142116237,56.52622946268678,0.0,0.0,0.0,0.0,19.76538044554264,0.0,5.917906046161393,6.06636706846161,0,1,0,1,0,0,0,1,0,1,0,1,0,0,0,0,0,0,0,0,0,0,0,0,0
c1ccc(cc1)CC(=O)O,Phenylacetic acid_analog_223,81.55055542516983,136.14999999999998,1,2,1,1,0,0,2,10,10,10,0.125,52,1,37.781800000000004,215.9590174505521,59.117043200529956,5.106527394840706,4.794537184071822,0.0,0.0,6.4208216229260096,0.0,0.0,18.19910120538483,0,1,0,0,1,1,0,1,0,0,0,0,0,0,0,1,0,1,0,0,0,0,0,0,0
CC(C)NCC(COc1ccc(cc1)C(C)C)O,Metoprolol_analog_224,44.19707242743469,251.37,3,7,1,1,0,0,3,18,18,18,0.6,102,3,75.17150000000004,332.85176749569683,110.17352331437738,15.160178952647085,0.0,5.316788604006331,0.0,45.75866206182015,13.151638370425493,25.111385245734844,12.13273413692322,1,1,1,1,1,1,0,1,0,1,1,1,1,1,1,1,0,0,1,1,0,0,0,0,0
CC(C)Cc1ccccc1,Isobutylbenzene_analog_225,81.84446287280362,134.22199999999998,0,2,1,1,0,0,0,10,10,10,0.4,54,0,44.98400000000003,174.4896154807834,62.89117157708339,0.0,0.0,0.0,5.917906046161393,20.268296022307258,0.0,0.0,0.0,0,1,0,0,0,0,0,1,1,1,0,1,0,0,0,0,0,1,0,0,0,0,0,0,0
c1ccc(cc1)C(C)(C)C,tert-Butylbenzene_analog_226,77.53926674751135,134.22199999999998,0,0,1,1,0,0,0,10,10,10,0.4,54,0,45.14200000000003,191.0283370413565,62.89117157708339,0.0,0.0,0.0,0.0,26.186202068468653,0.0,5.41499046939678,0.0,0,1,0,0,0,0,0,1,0,0,0,1,0,0,0,0,0,0,0,0,0,0,0,0,0
CC(C)c1ccccc1C(C)C,"3,5-Diisopropylbenzene_analog_227",81.97945478885472,162.27599999999995,0,2,1,1,0,0,0,12,12,12,0.5,66,0,54.62000000000005,218.97015243201014,75.6210558058766,0.0,0.0,0.0,0.0,39.53076089108528,0.0,11.835812092322787,0.0,0,1,0,0,0,0,0,1,0,1,0,1,0,0,0,0,0,0,0,0,0,0,0,0,0
CC(C)c1ccccc1,Cumene_analog_228,78.01773454428121,120.19499999999995,0,1,1,1,0,0,0,9,9,9,0.3333333333333333,48,0,40.53100000000002,162.65300142116237,56.52622946268678,0.0,0.0,0.0,0.0,19.76538044554264,0.0,5.917906046161393,6.06636706846161,0,1,0,1,0,0,0,1,0,1,0,1,0,0,0,0,0,0,0,0,0,0,0,0,0
CC(=O)Nc1ccc(O)cc1,Acetaminophen_analog_229,88.0145088895574,151.165,2,1,1,1,0,0,3,11,11,11,0.125,58,2,42.41050000000002,253.29949758389105,64.66690538413799,10.423315998847038,4.794537184071822,0.0,0.0,6.923737199690624,5.316788604006331,5.687386274683562,0.0,1,1,0,0,0,1,0,1,0,0,0,1,0,0,0,1,0,0,0,0,0,1,0,0,1
CC(C)c1ccc(cc1)C(C)C(=O)O,Isobuprofen_analog_230,84.04748225433322,192.25799999999995,1,3,1,1,0,0,2,14,14,14,0.4166666666666667,76,1,56.58180000000004,311.59854355066295,84.5768116581164,5.106527394840706,4.794537184071822,0.0,0.0,32.60702369139466,0.0,5.917906046161393,24.26546827384644,0,0,1,1,0,0,0,1,1,1,0,1,0,0,0,1,0,0,0,0,0,0,0,0,0
CC(C)c1ccc(O)cc1C(C)C,"2,4-Diisopropylphenol_analog_231",68.38033979334759,178.27499999999995,1,2,1,1,0,0,1,13,13,13,0.5,72,1,56.28480000000004,287.17599275295936,80.41528955807262,5.106527394840706,0.0,0.0,0.0,39.53076089108528,0.0,17.585323925606694,12.13273413692322,0,0,0,0,0,0,0,1,0,1,0,1,1,1,0,1,0,0,0,0,0,0,0,0,0
CC(C)c1ccc(O)cc1C(C)C,"2,4-Diisopropylphenol_analog_232",70.48717285693728,178.27499999999995,1,2,1,1,0,0,1,13,13,13,0.5,72,1,56.28480000000004,287.17599275295936,80.41528955807262,5.106527394840706,0.0,0.0,0.0,39.53076089108528,0.0,17.585323925606694,12.13273413692322,0,0,0,0,0,0,0,1,0,1,0,1,1,1,0,1,0,0,0,0,0,0,0,0,0
CC(C)c1ccc(cc1)C(C)C,p-Diisopropylbenzene_analog_233,92.86270832267844,162.27599999999995,0,2,1,1,0,0,0,12,12,12,0.5,66,0,54.62000000000005,201.72015243201014,75.6210558058766,0.0,0.0,0.0,0.0,39.53076089108528,0.0,11.835812092322787,0.0,0,0,0,1,0,0,0,1,0,1,0,1,0,0,0,0,0,0,0,0,0,0,0,0,0
CC(C)c1ccccc1C(C)C,"2,4-Diisopropylbenzene_analog_234",91.26010234262306,162.27599999999995,0,2,1,1,0,0,0,12,12,12,0.5,66,0,54.62000000000005,218.97015243201014,75.6210558058766,0.0,0.0,0.0,0.0,39.53076089108528,0.0,11.835812092322787,0.0,0,1,0,0,0,0,0,1,0,1,0,1,0,0,0,0,0,0,0,0,0,0,0,0,0
CC(C)c1ccccc1O,2-Isopropylphenol_analog_235,99.0,136.19399999999996,1,1,1,1,0,0,1,10,10,10,0.3333333333333333,54,1,42.19580000000002,215.72318047941278,61.32046321488279,5.106527394840706,0.0,0.0,0.0,19.76538044554264,0.0,11.6674178794453,18.19910120538483,0,1,0,0,0,0,0,1,1,1,0,1,0,0,0,1,0,0,0,0,0,0,0,0,0
c1ccc(cc1)C(C)C,Isopropylbenzene_analog_236,64.38329760381998,120.19499999999996,0,1,1,1,0,0,0,9,9,9,0.3333333333333333,48,0,40.53100000000002,162.65300142116237,56.52622946268678,0.0,0.0,0.0,0.0,19.76538044554264,0.0,5.917906046161393,6.06636706846161,0,1,0,1,0,0,0,1,0,1,0,1,0,0,0,0,0,0,0,0,0,0,0,0,0
CC(C)NCC(COc1ccc(cc1)C(C)C)O,Metoprolol_analog_237,41.514617120827474,251.37,3,7,1,1,0,0,3,18,18,18,0.6,102,3,75.17150000000004,332.85176749569683,110.17352331437738,15.160178952647085,0.0,5.316788604006331,0.0,45.75866206182015,13.151638370425493,25.111385245734844,12.13273413692322,1,1,1,1,1,1,0,1,0,1,1,1,1,1,1,1,0,0,1,1,0,0,0,0,0
CC(=O)Nc1ccc(O)cc1,Acetaminophen_analog_238,87.1320168914919,151.165,2,1,1,1,0,0,3,11,11,11,0.125,58,2,42.41050000000002,253.29949758389105,64.66690538413799,10.423315998847038,4.794537184071822,0.0,0.0,6.923737199690624,5.316788604006331,5.687386274683562,0.0,1,1,0,0,0,1,0,1,0,0,0,1,0,0,0,1,0,0,0,0,0,1,0,0,1
CC(C)c1ccc(O)c(C(C)C)c1,"2,6-Diisopropylphenol_analog_239",74.24793494188026,178.27499999999998,1,2,1,1,0,0,1,13,13,13,0.5,72,1,56.28480000000005,287.17599275295936,80.41528955807262,5.106527394840706,0.0,0.0,0.0,39.53076089108528,0.0,17.585323925606694,6.06636706846161,0,0,0,1,0,1,0,1,1,1,0,1,0,0,0,1,0,0,0,0,0,0,0,0,0
c1ccc(cc1)c2ccccc2,Biphenyl_analog_240,70.01840384143524,154.21199999999996,0,1,2,2,0,0,0,12,12,13,0.0,58,0,51.87800000000003,297.4313204906765,72.48849732556099,0.0,0.0,0.0,0.0,0.0,0.0,0.0,12.13273413692322,0,1,0,0,0,0,0,1,0,0,0,0,0,0,0,0,0,0,1,0,0,0,0,0,0
c1ccc(cc1)C(C)C,Isopropylbenzene_analog_241,87.07992373749332,120.19499999999996,0,1,1,1,0,0,0,9,9,9,0.3333333333333333,48,0,40.53100000000002,162.65300142116237,56.52622946268678,0.0,0.0,0.0,0.0,19.76538044554264,0.0,5.917906046161393,6.06636706846161,0,1,0,1,0,0,0,1,0,1,0,1,0,0,0,0,0,0,0,0,0,0,0,0,0
c1ccc(cc1)C(C)C,Isopropylbenzene_analog_242,76.28376201084026,120.19499999999996,0,1,1,1,0,0,0,9,9,9,0.3333333333333333,48,0,40.53100000000002,162.65300142116237,56.52622946268678,0.0,0.0,0.0,0.0,19.76538044554264,0.0,5.917906046161393,6.06636706846161,0,1,0,1,0,0,0,1,0,1,0,1,0,0,0,0,0,0,0,0,0,0,0,0,0
CC(C)c1ccccc1C(C)C,"2,6-Diisopropylbenzene_analog_243",84.77262833920747,162.27599999999995,0,2,1,1,0,0,0,12,12,12,0.5,66,0,54.62000000000005,218.97015243201014,75.6210558058766,0.0,0.0,0.0,0.0,39.53076089108528,0.0,11.835812092322787,0.0,0,1,0,0,0,0,0,1,0,1,0,1,0,0,0,0,0,0,0,0,0,0,0,0,0
CN1C=NC2=C1C(=O)N(C(=O)N2C)C,Caffeine_analog_244,81.26860443244823,194.194,6,0,2,2,0,0,6,14,14,15,0.375,74,6,51.19600000000001,616.5285919942219,79.02895701814933,4.567099647791355,13.928736479654532,18.685277464321274,21.143015948031568,0.0,0.0,11.16387793838399,0.0,4,1,0,0,0,0,0,0,0,1,0,1,0,0,0,1,0,1,1,0,0,0,1,0,0
CC(C)c1ccc(O)cc1C(C)C,"2,4-Diisopropylphenol_analog_245",73.58918939241605,178.27499999999995,1,2,1,1,0,0,1,13,13,13,0.5,72,1,56.28480000000004,287.17599275295936,80.41528955807262,5.106527394840706,0.0,0.0,0.0,39.53076089108528,0.0,17.585323925606694,12.13273413692322,0,0,0,0,0,0,0,1,0,1,0,1,1,1,0,1,0,0,0,0,0,0,0,0,0
CC(C)c1ccccc1C(C)C,"3,5-Diisopropylbenzene_analog_246",83.37014653065755,162.27599999999995,0,2,1,1,0,0,0,12,12,12,0.5,66,0,54.62000000000005,218.97015243201014,75.6210558058766,0.0,0.0,0.0,0.0,39.53076089108528,0.0,11.835812092322787,0.0,0,1,0,0,0,0,0,1,0,1,0,1,0,0,0,0,0,0,0,0,0,0,0,0,0
CC(=O)Nc1ccc(O)cc1,Acetaminophen_analog_247,99.0,151.165,2,1,1,1,0,0,3,11,11,11,0.125,58,2,42.41050000000002,253.29949758389105,64.66690538413799,10.423315998847038,4.794537184071822,0.0,0.0,6.923737199690624,5.316788604006331,5.687386274683562,0.0,1,1,0,0,0,1,0,1,0,0,0,1,0,0,0,1,0,0,0,0,0,1,0,0,1
CC(C)c1ccccc1C(C)C,"2,4-Diisopropylbenzene_analog_248",68.00424900112391,162.27599999999995,0,2,1,1,0,0,0,12,12,12,0.5,66,0,54.62000000000005,218.97015243201014,75.6210558058766,0.0,0.0,0.0,0.0,39.53076089108528,0.0,11.835812092322787,0.0,0,1,0,0,0,0,0,1,0,1,0,1,0,0,0,0,0,0,0,0,0,0,0,0,0
CC(C)c1ccccc1C(C)C,"3,5-Diisopropylbenzene_analog_249",79.07803827384407,162.27599999999995,0,2,1,1,0,0,0,12,12,12,0.5,66,0,54.62000000000005,218.97015243201014,75.6210558058766,0.0,0.0,0.0,0.0,39.53076089108528,0.0,11.835812092322787,0.0,0,1,0,0,0,0,0,1,0,1,0,1,0,0,0,0,0,0,0,0,0,0,0,0,0
CC(C)c1ccccc1C(C)C,"3,5-Diisopropylbenzene_analog_250",87.06239573720629,162.27599999999995,0,2,1,1,0,0,0,12,12,12,0.5,66,0,54.62000000000005,218.97015243201014,75.6210558058766,0.0,0.0,0.0,0.0,39.53076089108528,0.0,11.835812092322787,0.0,0,1,0,0,0,0,0,1,0,1,0,1,0,0,0,0,0,0,0,0,0,0,0,0,0
c1ccc(cc1)C(C)(C)C,tert-Butylbenzene_analog_251,93.34940516295,134.22199999999998,0,0,1,1,0,0,0,10,10,10,0.4,54,0,45.14200000000003,191.0283370413565,62.89117157708339,0.0,0.0,0.0,0.0,26.186202068468653,0.0,5.41499046939678,0.0,0,1,0,0,0,0,0,1,0,0,0,1,0,0,0,0,0,0,0,0,0,0,0,0,0
CC(C)c1ccc(O)cc1C(C)C,"2,4-Diisopropylphenol_analog_252",71.83182830550832,178.27499999999995,1,2,1,1,0,0,1,13,13,13,0.5,72,1,56.28480000000004,287.17599275295936,80.41528955807262,5.106527394840706,0.0,0.0,0.0,39.53076089108528,0.0,17.585323925606694,12.13273413692322,0,0,0,0,0,0,0,1,0,1,0,1,1,1,0,1,0,0,0,0,0,0,0,0,0
c1ccc(cc1)C(C)C,Isopropylbenzene_analog_253,86.11582588260569,120.19499999999996,0,1,1,1,0,0,0,9,9,9,0.3333333333333333,48,0,40.53100000000002,162.65300142116237,56.52622946268678,0.0,0.0,0.0,0.0,19.76538044554264,0.0,5.917906046161393,6.06636706846161,0,1,0,1,0,0,0,1,0,1,0,1,0,0,0,0,0,0,0,0,0,0,0,0,0
CC(C)c1ccccc1,Cumene_analog_254,79.11068949804722,120.19499999999995,0,1,1,1,0,0,0,9,9,9,0.3333333333333333,48,0,40.53100000000002,162.65300142116237,56.52622946268678,0.0,0.0,0.0,0.0,19.76538044554264,0.0,5.917906046161393,6.06636706846161,0,1,0,1,0,0,0,1,0,1,0,1,0,0,0,0,0,0,0,0,0,0,0,0,0
CC(C)(C)c1ccccc1,tert-Butylbenzene_analog_255,79.98513704369476,134.22199999999998,0,0,1,1,0,0,0,10,10,10,0.4,54,0,45.14200000000003,191.02833704135648,62.89117157708339,0.0,0.0,0.0,0.0,26.186202068468653,0.0,5.41499046939678,0.0,0,1,0,0,0,0,0,1,0,0,0,1,0,0,0,0,0,0,0,0,0,0,0,0,0
CC(C)c1ccccc1C(C)C,"3,5-Diisopropylbenzene_analog_256",73.26394156757316,162.27599999999995,0,2,1,1,0,0,0,12,12,12,0.5,66,0,54.62000000000005,218.97015243201014,75.6210558058766,0.0,0.0,0.0,0.0,39.53076089108528,0.0,11.835812092322787,0.0,0,1,0,0,0,0,0,1,0,1,0,1,0,0,0,0,0,0,0,0,0,0,0,0,0
CC(C)CC(C)C(=O)O,3-Methylbutyric acid_analog_257,87.81449525130313,130.18699999999998,1,3,0,0,0,0,2,9,9,8,0.8571428571428571,54,1,36.25479999999999,97.089273230246,55.884659566448974,5.106527394840706,4.794537184071822,0.0,11.835812092322787,27.19203322199788,0.0,5.917906046161393,13.847474399381248,0,0,0,0,0,0,0,0,0,1,0,1,0,0,0,1,1,0,0,0,0,0,0,0,0
c1ccc(cc1)C(c2ccccc2)c3ccccc3,Triphenylmethane_analog_258,22.593143902247988,244.337,0,3,3,3,0,0,0,19,19,21,0.05263157894736842,92,0,80.27100000000004,518.0619248819434,113.91053364602166,0.0,0.0,0.0,0.0,5.917906046161393,0.0,5.917906046161393,0.0,0,1,0,0,0,0,0,1,0,0,0,0,0,0,0,0,0,1,0,0,0,0,0,0,1
CC(C)c1ccccc1C(C)C,"3,5-Diisopropylbenzene_analog_259",80.70967527472149,162.27599999999995,0,2,1,1,0,0,0,12,12,12,0.5,66,0,54.62000000000005,218.97015243201014,75.6210558058766,0.0,0.0,0.0,0.0,39.53076089108528,0.0,11.835812092322787,0.0,0,1,0,0,0,0,0,1,0,1,0,1,0,0,0,0,0,0,0,0,0,0,0,0,0
CC(C)Cc1ccc(cc1)C(C)C,p-Isobutylisopropylbenzene_analog_260,92.87218835650472,176.30299999999997,0,3,1,1,0,0,0,13,13,13,0.5384615384615384,72,0,59.07300000000005,241.2457497788808,81.9859979202732,0.0,0.0,0.0,5.917906046161393,40.0336764678499,0.0,5.917906046161393,0.0,0,0,0,1,0,0,0,1,1,1,0,1,0,0,0,0,0,0,0,0,0,0,0,0,0
CC(C)c1ccc(O)cc1,4-Isopropylphenol_analog_261,83.39836083415145,136.19399999999996,1,1,1,1,0,0,1,10,10,10,0.3333333333333333,54,1,42.19580000000002,198.47318047941278,61.32046321488279,5.106527394840706,0.0,0.0,0.0,19.76538044554264,0.0,11.6674178794453,12.13273413692322,0,0,0,1,0,0,0,1,0,1,0,1,0,0,0,1,0,0,0,0,0,0,0,0,0
CC(C)c1ccccc1C(C)C,"2,6-Diisopropylbenzene_analog_262",99.0,162.27599999999995,0,2,1,1,0,0,0,12,12,12,0.5,66,0,54.62000000000005,218.97015243201014,75.6210558058766,0.0,0.0,0.0,0.0,39.53076089108528,0.0,11.835812092322787,0.0,0,1,0,0,0,0,0,1,0,1,0,1,0,0,0,0,0,0,0,0,0,0,0,0,0
CC(C)Cc1ccccc1,Isobutylbenzene_analog_263,67.66363919891828,134.22199999999998,0,2,1,1,0,0,0,10,10,10,0.4,54,0,44.98400000000003,174.4896154807834,62.89117157708339,0.0,0.0,0.0,5.917906046161393,20.268296022307258,0.0,0.0,0.0,0,1,0,0,0,0,0,1,1,1,0,1,0,0,0,0,0,1,0,0,0,0,0,0,0
CC(C)(C)c1ccccc1,tert-Butylbenzene_analog_264,81.42581190568073,134.22199999999998,0,0,1,1,0,0,0,10,10,10,0.4,54,0,45.14200000000003,191.02833704135648,62.89117157708339,0.0,0.0,0.0,0.0,26.186202068468653,0.0,5.41499046939678,0.0,0,1,0,0,0,0,0,1,0,0,0,1,0,0,0,0,0,0,0,0,0,0,0,0,0
CC(C)c1ccc(O)cc1,4-Isopropylphenol_analog_265,91.16542663618488,136.19399999999996,1,1,1,1,0,0,1,10,10,10,0.3333333333333333,54,1,42.19580000000002,198.47318047941278,61.32046321488279,5.106527394840706,0.0,0.0,0.0,19.76538044554264,0.0,11.6674178794453,12.13273413692322,0,0,0,1,0,0,0,1,0,1,0,1,0,0,0,1,0,0,0,0,0,0,0,0,0
c1ccc(cc1)C(C)(C)C,tert-Butylbenzene_analog_266,90.33644882775832,134.22199999999998,0,0,1,1,0,0,0,10,10,10,0.4,54,0,45.14200000000003,191.0283370413565,62.89117157708339,0.0,0.0,0.0,0.0,26.186202068468653,0.0,5.41499046939678,0.0,0,1,0,0,0,0,0,1,0,0,0,1,0,0,0,0,0,0,0,0,0,0,0,0,0
CC(C)c1ccc(O)cc1C(C)C,"2,4-Diisopropylphenol_analog_267",72.59614653099644,178.27499999999995,1,2,1,1,0,0,1,13,13,13,0.5,72,1,56.28480000000004,287.17599275295936,80.41528955807262,5.106527394840706,0.0,0.0,0.0,39.53076089108528,0.0,17.585323925606694,12.13273413692322,0,0,0,0,0,0,0,1,0,1,0,1,1,1,0,1,0,0,0,0,0,0,0,0,0
CC(C)NCC(COc1ccccc1)O,Atenolol_analog_268,63.40234599734576,209.28900000000002,3,6,1,1,0,0,3,15,15,15,0.5,84,3,61.08250000000004,261.5844462065182,91.07869697118757,15.160178952647085,0.0,5.316788604006331,0.0,25.993281616277514,13.151638370425493,19.193479199573453,44.179309741689295,1,1,1,0,1,1,0,1,0,1,1,1,1,1,1,1,0,0,1,1,0,0,0,0,0
CC(C)(C)c1ccc(O)cc1,4-tert-Butylphenol_analog_269,88.72058069585329,150.22099999999998,1,0,1,1,0,0,1,11,11,11,0.4,60,1,46.80680000000004,228.04484428381983,67.6854053292794,5.106527394840706,0.0,0.0,0.0,26.186202068468653,0.0,5.749511833283905,12.13273413692322,0,0,0,0,0,0,0,1,0,0,0,1,0,0,0,1,0,0,0,0,0,0,0,0,0
c1ccc(cc1)CC(C)C,Isobutylbenzene_analog_270,82.66184348640382,134.22199999999998,0,2,1,1,0,0,0,10,10,10,0.4,54,0,44.98400000000003,174.4896154807834,62.89117157708339,0.0,0.0,0.0,5.917906046161393,20.268296022307258,0.0,0.0,0.0,0,1,0,0,0,0,0,1,1,1,0,1,0,0,0,0,0,1,0,0,0,0,0,0,0
CN1CCC[C@H]1c2cccnc2,Nicotine_analog_271,8.484307226930156,162.236,2,1,2,1,1,1,2,12,12,13,0.5,64,2,48.842000000000034,245.27530899395384,73.22976418910065,0.0,9.883888251797686,9.883888251797686,0.0,18.88348407499998,13.592428388589765,6.041840829147961,18.460054211687762,2,1,1,0,0,0,1,1,0,0,1,1,0,0,1,1,1,0,0,0,1,1,1,1,1
CC(C)Cc1ccc(cc1)C(C)C(=O)O,Phenytoin_analog_272,71.93209979044191,206.28499999999997,1,4,1,1,0,0,2,15,15,15,0.46153846153846156,82,1,61.03480000000004,324.8941190021566,90.94175377251301,5.106527394840706,4.794537184071822,0.0,5.917906046161393,33.10993926815928,0.0,5.917906046161393,24.26546827384644,0,0,1,0,0,0,0,1,1,1,0,1,0,0,0,1,0,0,0,0,0,0,0,0,0
CN1C=NC2=C1C(=O)N(C(=O)N2C)C,Caffeine_analog_273,82.34676859508363,194.194,6,0,2,2,0,0,6,14,14,15,0.375,74,6,51.19600000000001,616.5285919942219,79.02895701814933,4.567099647791355,13.928736479654532,18.685277464321274,21.143015948031568,0.0,0.0,11.16387793838399,0.0,4,1,0,0,0,0,0,0,0,1,0,1,0,0,0,1,0,1,1,0,0,0,1,0,0
CCN(CC)c1ccc(cc1)C(c2ccccc2)c3ccccc3,Diphenhydramine_analog_274,62.63207211395245,315.46000000000004,1,6,3,3,0,0,1,24,24,26,0.21739130434782608,122,1,103.83200000000004,688.5088533449272,145.13013577381145,4.899909730850478,0.0,0.0,0.0,19.76538044554264,17.98942254267563,0.0,0.0,1,1,0,0,0,0,0,1,0,0,0,1,0,0,1,0,0,1,0,0,0,1,0,0,1
CC(C)c1ccccc1C(C)C,"2,4-Diisopropylbenzene_analog_275",85.31906249229701,162.27599999999995,0,2,1,1,0,0,0,12,12,12,0.5,66,0,54.62000000000005,218.97015243201014,75.6210558058766,0.0,0.0,0.0,0.0,39.53076089108528,0.0,11.835812092322787,0.0,0,1,0,0,0,0,0,1,0,1,0,1,0,0,0,0,0,0,0,0,0,0,0,0,0
CC(C)c1ccc(O)cc1C(C)C,"2,4-Diisopropylphenol_analog_276",68.50220034920949,178.27499999999995,1,2,1,1,0,0,1,13,13,13,0.5,72,1,56.28480000000004,287.17599275295936,80.41528955807262,5.106527394840706,0.0,0.0,0.0,39.53076089108528,0.0,17.585323925606694,12.13273413692322,0,0,0,0,0,0,0,1,0,1,0,1,1,1,0,1,0,0,0,0,0,0,0,0,0
O=C(O)Cc1ccccc1Nc2c(Cl)cccc2Cl,Diclofenac_analog_277,64.61203109949419,296.153,2,4,2,2,0,0,5,19,19,20,0.07142857142857142,98,2,77.52650000000003,593.8950014443018,120.33053204396538,10.423315998847038,4.794537184071822,0.0,0.0,6.4208216229260096,5.316788604006331,26.983490668546775,6.06636706846161,1,1,0,0,1,1,1,1,0,0,0,0,0,0,0,1,0,0,0,1,0,0,0,0,1
c1ccc(cc1)C(c2ccccc2)c3ccccc3,Triphenylmethane_analog_278,7.36487897141604,244.337,0,3,3,3,0,0,0,19,19,21,0.05263157894736842,92,0,80.27100000000004,518.0619248819434,113.91053364602166,0.0,0.0,0.0,0.0,5.917906046161393,0.0,5.917906046161393,0.0,0,1,0,0,0,0,0,1,0,0,0,0,0,0,0,0,0,1,0,0,0,0,0,0,1
CC(C)c1ccc(O)c(c1)C(C)C,"3,5-Diisopropylphenol_analog_279",58.70339252022289,178.27499999999998,1,2,1,1,0,0,1,13,13,13,0.5,72,1,56.28480000000004,287.17599275295936,80.41528955807262,5.106527394840706,0.0,0.0,0.0,39.53076089108528,0.0,17.585323925606694,6.06636706846161,0,0,0,1,0,1,0,1,1,1,0,1,0,0,0,1,0,0,0,0,0,0,0,0,0
c1ccc(cc1)C(C)C,Isopropylbenzene_analog_280,92.56025824434138,120.19499999999996,0,1,1,1,0,0,0,9,9,9,0.3333333333333333,48,0,40.53100000000002,162.65300142116237,56.52622946268678,0.0,0.0,0.0,0.0,19.76538044554264,0.0,5.917906046161393,6.06636706846161,0,1,0,1,0,0,0,1,0,1,0,1,0,0,0,0,0,0,0,0,0,0,0,0,0
c1ccc(cc1)C(c2ccccc2)c3ccccc3,Triphenylmethane_analog_281,14.84787033677849,244.337,0,3,3,3,0,0,0,19,19,21,0.05263157894736842,92,0,80.27100000000004,518.0619248819434,113.91053364602166,0.0,0.0,0.0,0.0,5.917906046161393,0.0,5.917906046161393,0.0,0,1,0,0,0,0,0,1,0,0,0,0,0,0,0,0,0,1,0,0,0,0,0,0,1
CCCCCCCCCCCCCCCCCCCc1ccc(O)cc1,Octylphenol_analog_282,83.97976508289753,360.626,1,18,1,1,0,0,1,26,26,26,0.76,150,1,115.97380000000008,395.11929472198574,163.15953704522855,5.106527394840706,0.0,0.0,0.0,122.49852641235884,0.0,5.749511833283905,12.13273413692322,0,0,0,0,0,1,0,1,0,1,0,1,0,0,1,1,0,0,0,0,0,0,0,0,0
CN1C=NC2=C1C(=O)N(C(=O)N2C)C,Caffeine_analog_283,89.54125919103876,194.194,6,0,2,2,0,0,6,14,14,15,0.375,74,6,51.19600000000001,616.5285919942219,79.02895701814933,4.567099647791355,13.928736479654532,18.685277464321274,21.143015948031568,0.0,0.0,11.16387793838399,0.0,4,1,0,0,0,0,0,0,0,1,0,1,0,0,0,1,0,1,1,0,0,0,1,0,0
CC(C)Cc1ccc(cc1)C(C)C,p-Isobutylisopropylbenzene_analog_284,84.6144361157135,176.30299999999997,0,3,1,1,0,0,0,13,13,13,0.5384615384615384,72,0,59.07300000000005,241.2457497788808,81.9859979202732,0.0,0.0,0.0,5.917906046161393,40.0336764678499,0.0,5.917906046161393,0.0,0,0,0,1,0,0,0,1,1,1,0,1,0,0,0,0,0,0,0,0,0,0,0,0,0
CCN(CC)c1ccc(cc1)C(c2ccccc2)c3ccccc3,Diphenhydramine_analog_285,64.58174848270471,315.46000000000004,1,6,3,3,0,0,1,24,24,26,0.21739130434782608,122,1,103.83200000000004,688.5088533449272,145.13013577381145,4.899909730850478,0.0,0.0,0.0,19.76538044554264,17.98942254267563,0.0,0.0,1,1,0,0,0,0,0,1,0,0,0,1,0,0,1,0,0,1,0,0,0,1,0,0,1
CC(C)Cc1ccc(cc1)C(C)C(=O)O,Ibuprofen_analog_286,73.38215245158142,206.28499999999997,1,4,1,1,0,0,2,15,15,15,0.46153846153846156,82,1,61.03480000000004,324.8941190021566,90.94175377251301,5.106527394840706,4.794537184071822,0.0,5.917906046161393,33.10993926815928,0.0,5.917906046161393,24.26546827384644,0,0,1,0,0,0,0,1,1,1,0,1,0,0,0,1,0,0,0,0,0,0,0,0,0
CC(C)c1cc(C(=O)O)ccc1O,Naproxen_analog_287,98.94149187040324,180.20299999999997,2,2,1,1,0,0,3,13,13,13,0.3,70,2,49.155100000000026,328.94178503314396,76.64116118151918,10.213054789681411,0.0,0.0,0.0,19.76538044554264,0.0,5.563451491696996,13.847474399381248,0,0,0,0,0,0,0,1,1,1,0,1,0,0,0,1,0,0,0,0,0,0,0,0,0
CC(C)c1ccccc1C(C)C,"3,5-Diisopropylbenzene_analog_288",84.71098404905395,162.27599999999995,0,2,1,1,0,0,0,12,12,12,0.5,66,0,54.62000000000005,218.97015243201014,75.6210558058766,0.0,0.0,0.0,0.0,39.53076089108528,0.0,11.835812092322787,0.0,0,1,0,0,0,0,0,1,0,1,0,1,0,0,0,0,0,0,0,0,0,0,0,0,0
CC(C)(C)c1ccccc1,tert-Butylbenzene_analog_289,82.25439010695065,134.22199999999998,0,0,1,1,0,0,0,10,10,10,0.4,54,0,45.14200000000003,191.02833704135648,62.89117157708339,0.0,0.0,0.0,0.0,26.186202068468653,0.0,5.41499046939678,0.0,0,1,0,0,0,0,0,1,0,0,0,1,0,0,0,0,0,0,0,0,0,0,0,0,0
CC(C)NCC(COc1ccccc1)O,Propranolol_analog_290,29.66141163543071,209.28900000000002,3,6,1,1,0,0,3,15,15,15,0.5,84,3,61.08250000000004,261.5844462065182,91.07869697118757,15.160178952647085,0.0,5.316788604006331,0.0,25.993281616277514,13.151638370425493,19.193479199573453,44.179309741689295,1,1,1,0,1,1,0,1,0,1,1,1,1,1,1,1,0,0,1,1,0,0,0,0,0
CC(C)c1ccc(O)c(c1)C(C)C,"3,5-Diisopropylphenol_analog_291",75.36486271940475,178.27499999999998,1,2,1,1,0,0,1,13,13,13,0.5,72,1,56.28480000000004,287.17599275295936,80.41528955807262,5.106527394840706,0.0,0.0,0.0,39.53076089108528,0.0,17.585323925606694,6.06636706846161,0,0,0,1,0,1,0,1,1,1,0,1,0,0,0,1,0,0,0,0,0,0,0,0,0
CC(C)c1ccccc1C(C)C,"2,6-Diisopropylbenzene_analog_292",88.11343660915631,162.27599999999995,0,2,1,1,0,0,0,12,12,12,0.5,66,0,54.62000000000005,218.97015243201014,75.6210558058766,0.0,0.0,0.0,0.0,39.53076089108528,0.0,11.835812092322787,0.0,0,1,0,0,0,0,0,1,0,1,0,1,0,0,0,0,0,0,0,0,0,0,0,0,0
CC(C)c1ccc(O)cc1,4-Isopropylphenol_analog_293,83.65543368635576,136.19399999999996,1,1,1,1,0,0,1,10,10,10,0.3333333333333333,54,1,42.19580000000002,198.47318047941278,61.32046321488279,5.106527394840706,0.0,0.0,0.0,19.76538044554264,0.0,11.6674178794453,12.13273413692322,0,0,0,1,0,0,0,1,0,1,0,1,0,0,0,1,0,0,0,0,0,0,0,0,0
c1ccc(cc1)C(c2ccccc2)c3ccccc3,Triphenylmethane_analog_294,17.28140259719723,244.337,0,3,3,3,0,0,0,19,19,21,0.05263157894736842,92,0,80.27100000000004,518.0619248819434,113.91053364602166,0.0,0.0,0.0,0.0,5.917906046161393,0.0,5.917906046161393,0.0,0,1,0,0,0,0,0,1,0,0,0,0,0,0,0,0,0,1,0,0,0,0,0,0,1
CC(C)CC(C)C(=O)O,3-Methylbutyric acid_analog_295,86.3854924597792,130.18699999999998,1,3,0,0,0,0,2,9,9,8,0.8571428571428571,54,1,36.25479999999999,97.089273230246,55.884659566448974,5.106527394840706,4.794537184071822,0.0,11.835812092322787,27.19203322199788,0.0,5.917906046161393,13.847474399381248,0,0,0,0,0,0,0,0,0,1,0,1,0,0,0,1,1,0,0,0,0,0,0,0,0
CC(C)Cc1ccc(cc1)C(C)C(=O)O,Ibuprofen_analog_296,72.26311156319227,206.28499999999997,1,4,1,1,0,0,2,15,15,15,0.46153846153846156,82,1,61.03480000000004,324.8941190021566,90.94175377251301,5.106527394840706,4.794537184071822,0.0,5.917906046161393,33.10993926815928,0.0,5.917906046161393,24.26546827384644,0,0,1,0,0,0,0,1,1,1,0,1,0,0,0,1,0,0,0,0,0,0,0,0,0
CC(C)c1cc(C(=O)O)ccc1O,Naproxen_analog_297,94.11254451496391,180.20299999999997,2,2,1,1,0,0,3,13,13,13,0.3,70,2,49.155100000000026,328.94178503314396,76.64116118151918,10.213054789681411,0.0,0.0,0.0,19.76538044554264,0.0,5.563451491696996,13.847474399381248,0,0,0,0,0,0,0,1,1,1,0,1,0,0,0,1,0,0,0,0,0,0,0,0,0
CC(C)Cc1ccc(cc1)C(C)C,p-Isobutylisopropylbenzene_analog_298,92.81047301184884,176.30299999999997,0,3,1,1,0,0,0,13,13,13,0.5384615384615384,72,0,59.07300000000005,241.2457497788808,81.9859979202732,0.0,0.0,0.0,5.917906046161393,40.0336764678499,0.0,5.917906046161393,0.0,0,0,0,1,0,0,0,1,1,1,0,1,0,0,0,0,0,0,0,0,0,0,0,0,0
CCN(CC)c1ccc(cc1)C(c2ccccc2)c3ccccc3,Diphenhydramine_analog_299,65.70179450912894,315.46000000000004,1,6,3,3,0,0,1,24,24,26,0.21739130434782608,122,1,103.83200000000004,688.5088533449272,145.13013577381145,4.899909730850478,0.0,0.0,0.0,19.76538044554264,17.98942254267563,0.0,0.0,1,1,0,0,0,0,0,1,0,0,0,1,0,0,1,0,0,1,0,0,0,1,0,0,1
