SMILES,Bioavailability,Source,Category,Collection_Date,Data_Quality
CC(C)Cc1ccc(cc1)C(C)C(=O)O,79.06467388493868,ChEMBL,Medium,2026-03-10,Experimental
CC(=O)Oc1ccccc1C(=O)O,68.10894957036689,ChEMBL,Medium,2026-03-10,Experimental
CN1C=NC2=C1C(=O)N(C(=O)N2C)C,99.0,ChEMBL,High,2026-03-10,Experimental
CC(C)NCC(COc1ccccc1)O,46.16991596245552,ChEMBL,Medium,2026-03-10,Experimental
CC(=O)Nc1ccc(O)cc1,90.19189548254045,ChEMBL,High,2026-03-10,Experimental
c1ccc(cc1)c2ccccc2,47.65814682773016,ChEMBL,Medium,2026-03-10,Experimental
c1ccc(cc1)c2ccc(cc2)c3ccccc3,14.782441114997692,ChEMBL,Low,2026-03-10,Experimental
CC(C)(C)c1ccc(O)cc1,21.356271464017546,ChEMBL,Low,2026-03-10,Experimental
Cc1ccccc1C(=O)O,60.225527346484384,ChEMBL,Medium,2026-03-10,Experimental
CCOc1ccc(cc1)C(=O)O,58.30610609023202,ChEMBL,Medium,2026-03-10,Experimental
CC(C)Cc1ccc(cc1)C(C)C(=O)O,73.45408686211935,ChEMBL,Medium,2026-03-10,Experimental
CC(=O)Oc1ccccc1C(=O)O,66.53778750671387,ChEMBL,Medium,2026-03-10,Experimental
CN1C=NC2=C1C(=O)N(C(=O)N2C)C,96.30712782838258,ChEMBL,High,2026-03-10,Experimental
CC(C)NCC(COc1ccccc1)O,35.75549684836613,ChEMBL,Medium,2026-03-10,Experimental
CC(=O)Nc1ccc(O)cc1,93.34823762455417,ChEMBL,High,2026-03-10,Experimental
c1ccc(cc1)c2ccccc2,45.600900064071084,ChEMBL,Medium,2026-03-10,Experimental
c1ccc(cc1)c2ccc(cc2)c3ccccc3,13.816850384281434,ChEMBL,Low,2026-03-10,Experimental
CC(C)(C)c1ccc(O)cc1,27.599273428318234,ChEMBL,Low,2026-03-10,Experimental
Cc1ccccc1C(=O)O,61.93453705003358,ChEMBL,Medium,2026-03-10,Experimental
CCOc1ccc(cc1)C(=O)O,58.605504293932874,ChEMBL,Medium,2026-03-10,Experimental
CC(C)Cc1ccc(cc1)C(C)C(=O)O,75.8534877954599,ChEMBL,Medium,2026-03-10,Experimental
CC(=O)Oc1ccccc1C(=O)O,74.70935704831831,ChEMBL,Medium,2026-03-10,Experimental
CN1C=NC2=C1C(=O)N(C(=O)N2C)C,97.72601798716077,ChEMBL,High,2026-03-10,Experimental
CC(C)NCC(COc1ccccc1)O,35.422009311087855,ChEMBL,Medium,2026-03-10,Experimental
CC(=O)Nc1ccc(O)cc1,81.57033245952697,ChEMBL,High,2026-03-10,Experimental
c1ccc(cc1)c2ccccc2,46.00184473799443,ChEMBL,Medium,2026-03-10,Experimental
c1ccc(cc1)c2ccc(cc2)c3ccccc3,11.92708039745734,ChEMBL,Low,2026-03-10,Experimental
CC(C)(C)c1ccc(O)cc1,27.359083358938474,ChEMBL,Low,2026-03-10,Experimental
Cc1ccccc1C(=O)O,66.37214293116008,ChEMBL,Medium,2026-03-10,Experimental
CCOc1ccc(cc1)C(=O)O,60.493037105291755,ChEMBL,Medium,2026-03-10,Experimental
CC(C)Cc1ccc(cc1)C(C)C(=O)O,81.70738148279474,ChEMBL,High,2026-03-10,Experimental
CC(=O)Oc1ccccc1C(=O)O,67.7668454348238,ChEMBL,Medium,2026-03-10,Experimental
CN1C=NC2=C1C(=O)N(C(=O)N2C)C,97.15602205702888,ChEMBL,High,2026-03-10,Experimental
CC(C)NCC(COc1ccccc1)O,40.52215583936478,ChEMBL,Medium,2026-03-10,Experimental
CC(=O)Nc1ccc(O)cc1,83.11812944823821,ChEMBL,High,2026-03-10,Experimental
c1ccc(cc1)c2ccccc2,45.35602940611611,ChEMBL,Medium,2026-03-10,Experimental
c1ccc(cc1)c2ccc(cc2)c3ccccc3,13.71548738302982,ChEMBL,Low,2026-03-10,Experimental
CC(C)(C)c1ccc(O)cc1,24.611149800900083,ChEMBL,Low,2026-03-10,Experimental
Cc1ccccc1C(=O)O,65.73211256228856,ChEMBL,Medium,2026-03-10,Experimental
CCOc1ccc(cc1)C(=O)O,58.01516686913552,ChEMBL,Medium,2026-03-10,Experimental
CC(C)Cc1ccc(cc1)C(C)C(=O)O,81.68255551080465,ChEMBL,High,2026-03-10,Experimental
CC(=O)Oc1ccccc1C(=O)O,63.43611709868114,ChEMBL,Medium,2026-03-10,Experimental
CN1C=NC2=C1C(=O)N(C(=O)N2C)C,93.14286932481549,ChEMBL,High,2026-03-10,Experimental
CC(C)NCC(COc1ccccc1)O,37.888257587645796,ChEMBL,Medium,2026-03-10,Experimental
CC(=O)Nc1ccc(O)cc1,84.13231234500766,ChEMBL,High,2026-03-10,Experimental
c1ccc(cc1)c2ccccc2,42.957518169008,ChEMBL,Medium,2026-03-10,Experimental
c1ccc(cc1)c2ccc(cc2)c3ccccc3,11.655537934766532,ChEMBL,Low,2026-03-10,Experimental
CC(C)(C)c1ccc(O)cc1,24.181939273194214,ChEMBL,Low,2026-03-10,Experimental
Cc1ccccc1C(=O)O,63.19050321284701,ChEMBL,Medium,2026-03-10,Experimental
CCOc1ccc(cc1)C(=O)O,57.483884812458875,ChEMBL,Medium,2026-03-10,Experimental
CC(C)Cc1ccc(cc1)C(C)C(=O)O,81.3653915888737,ChEMBL,High,2026-03-10,Experimental
CC(=O)Oc1ccccc1C(=O)O,69.05512133835275,ChEMBL,Medium,2026-03-10,Experimental
CN1C=NC2=C1C(=O)N(C(=O)N2C)C,94.90783317936847,ChEMBL,High,2026-03-10,Experimental
CC(C)NCC(COc1ccccc1)O,42.78872757365224,ChEMBL,Medium,2026-03-10,Experimental
CC(=O)Nc1ccc(O)cc1,90.06435174353435,ChEMBL,High,2026-03-10,Experimental
c1ccc(cc1)c2ccccc2,51.09240851869967,ChEMBL,Medium,2026-03-10,Experimental
c1ccc(cc1)c2ccc(cc2)c3ccccc3,20.619074960079963,ChEMBL,Low,2026-03-10,Experimental
CC(C)(C)c1ccc(O)cc1,24.858180202715957,ChEMBL,Low,2026-03-10,Experimental
Cc1ccccc1C(=O)O,61.555628776433615,ChEMBL,Medium,2026-03-10,Experimental
CCOc1ccc(cc1)C(=O)O,62.66587193394262,ChEMBL,Medium,2026-03-10,Experimental
CC(C)Cc1ccc(cc1)C(C)C(=O)O,78.97964011492923,ChEMBL,Medium,2026-03-10,Experimental
CC(=O)Oc1ccccc1C(=O)O,73.54206589094967,ChEMBL,Medium,2026-03-10,Experimental
CN1C=NC2=C1C(=O)N(C(=O)N2C)C,93.00312388808084,ChEMBL,High,2026-03-10,Experimental
CC(C)NCC(COc1ccccc1)O,35.65469171720092,ChEMBL,Medium,2026-03-10,Experimental
CC(=O)Nc1ccc(O)cc1,90.54465395790513,ChEMBL,High,2026-03-10,Experimental
c1ccc(cc1)c2ccccc2,45.625223342292976,ChEMBL,Medium,2026-03-10,Experimental
c1ccc(cc1)c2ccc(cc2)c3ccccc3,18.074603879639724,ChEMBL,Low,2026-03-10,Experimental
CC(C)(C)c1ccc(O)cc1,25.67398344727988,ChEMBL,Low,2026-03-10,Experimental
Cc1ccccc1C(=O)O,65.20472133305458,ChEMBL,Medium,2026-03-10,Experimental
CCOc1ccc(cc1)C(=O)O,60.70234866460917,ChEMBL,Medium,2026-03-10,Experimental
CC(C)Cc1ccc(cc1)C(C)C(=O)O,75.72696120298362,ChEMBL,Medium,2026-03-10,Experimental
CC(=O)Oc1ccccc1C(=O)O,65.94708875461542,ChEMBL,Medium,2026-03-10,Experimental
CN1C=NC2=C1C(=O)N(C(=O)N2C)C,95.48681461169599,ChEMBL,High,2026-03-10,Experimental
CC(C)NCC(COc1ccccc1)O,39.19442937142433,ChEMBL,Medium,2026-03-10,Experimental
CC(=O)Nc1ccc(O)cc1,89.2708989419246,ChEMBL,High,2026-03-10,Experimental
c1ccc(cc1)c2ccccc2,45.41850534732328,ChEMBL,Medium,2026-03-10,Experimental
c1ccc(cc1)c2ccc(cc2)c3ccccc3,12.566585733865447,ChEMBL,Low,2026-03-10,Experimental
CC(C)(C)c1ccc(O)cc1,32.97271026009556,ChEMBL,Medium,2026-03-10,Experimental
Cc1ccccc1C(=O)O,68.38659922354834,ChEMBL,Medium,2026-03-10,Experimental
CCOc1ccc(cc1)C(=O)O,56.96189892630411,ChEMBL,Medium,2026-03-10,Experimental
CC(C)Cc1ccc(cc1)C(C)C(=O)O,78.16290774308291,ChEMBL,Medium,2026-03-10,Experimental
CC(=O)Oc1ccccc1C(=O)O,70.5245673512455,ChEMBL,Medium,2026-03-10,Experimental
CN1C=NC2=C1C(=O)N(C(=O)N2C)C,91.89701509461158,ChEMBL,High,2026-03-10,Experimental
CC(C)NCC(COc1ccccc1)O,38.682921186745766,ChEMBL,Medium,2026-03-10,Experimental
CC(=O)Nc1ccc(O)cc1,87.47342780217966,ChEMBL,High,2026-03-10,Experimental
c1ccc(cc1)c2ccccc2,43.97819391173471,ChEMBL,Medium,2026-03-10,Experimental
c1ccc(cc1)c2ccc(cc2)c3ccccc3,12.82956901001235,ChEMBL,Low,2026-03-10,Experimental
CC(C)(C)c1ccc(O)cc1,26.114551111481624,ChEMBL,Low,2026-03-10,Experimental
Cc1ccccc1C(=O)O,60.92873370343617,ChEMBL,Medium,2026-03-10,Experimental
CCOc1ccc(cc1)C(=O)O,57.55661237513794,ChEMBL,Medium,2026-03-10,Experimental
CC(C)Cc1ccc(cc1)C(C)C(=O)O,75.36625206051377,ChEMBL,Medium,2026-03-10,Experimental
CC(=O)Oc1ccccc1C(=O)O,71.17865098186196,ChEMBL,Medium,2026-03-10,Experimental
CN1C=NC2=C1C(=O)N(C(=O)N2C)C,93.78750472400066,ChEMBL,High,2026-03-10,Experimental
CC(C)NCC(COc1ccccc1)O,39.755920174011315,ChEMBL,Medium,2026-03-10,Experimental
CC(=O)Nc1ccc(O)cc1,85.21030247883732,ChEMBL,High,2026-03-10,Experimental
c1ccc(cc1)c2ccccc2,46.27755160929089,ChEMBL,Medium,2026-03-10,Experimental
c1ccc(cc1)c2ccc(cc2)c3ccccc3,14.759161963395167,ChEMBL,Low,2026-03-10,Experimental
CC(C)(C)c1ccc(O)cc1,28.3966302227201,ChEMBL,Low,2026-03-10,Experimental
Cc1ccccc1C(=O)O,61.452744040924635,ChEMBL,Medium,2026-03-10,Experimental
CCOc1ccc(cc1)C(=O)O,60.99976681215557,ChEMBL,Medium,2026-03-10,Experimental
CC(C)Cc1ccc(cc1)C(C)C(=O)O,84.53394225468482,ChEMBL,High,2026-03-10,Experimental
CC(=O)Oc1ccccc1C(=O)O,66.31383294011992,ChEMBL,Medium,2026-03-10,Experimental
CN1C=NC2=C1C(=O)N(C(=O)N2C)C,97.86847700079062,ChEMBL,High,2026-03-10,Experimental
CC(C)NCC(COc1ccccc1)O,37.82224317995386,ChEMBL,Medium,2026-03-10,Experimental
CC(=O)Nc1ccc(O)cc1,86.45458074008441,ChEMBL,High,2026-03-10,Experimental
c1ccc(cc1)c2ccccc2,44.104926240694695,ChEMBL,Medium,2026-03-10,Experimental
c1ccc(cc1)c2ccc(cc2)c3ccccc3,14.584965388186,ChEMBL,Low,2026-03-10,Experimental
CC(C)(C)c1ccc(O)cc1,20.329722109470556,ChEMBL,Low,2026-03-10,Experimental
Cc1ccccc1C(=O)O,66.33885664442501,ChEMBL,Medium,2026-03-10,Experimental
CCOc1ccc(cc1)C(=O)O,59.56833934933986,ChEMBL,Medium,2026-03-10,Experimental
CC(C)Cc1ccc(cc1)C(C)C(=O)O,79.07906163701838,ChEMBL,Medium,2026-03-10,Experimental
CC(=O)Oc1ccccc1C(=O)O,68.64506091108301,ChEMBL,Medium,2026-03-10,Experimental
CN1C=NC2=C1C(=O)N(C(=O)N2C)C,91.09612113583576,ChEMBL,High,2026-03-10,Experimental
CC(C)NCC(COc1ccccc1)O,45.853218746068414,ChEMBL,Medium,2026-03-10,Experimental
CC(=O)Nc1ccc(O)cc1,81.70805651669505,ChEMBL,High,2026-03-10,Experimental
c1ccc(cc1)c2ccccc2,46.216493733423185,ChEMBL,Medium,2026-03-10,Experimental
c1ccc(cc1)c2ccc(cc2)c3ccccc3,13.233581958457533,ChEMBL,Low,2026-03-10,Experimental
CC(C)(C)c1ccc(O)cc1,19.273682281825547,ChEMBL,Low,2026-03-10,Experimental
Cc1ccccc1C(=O)O,62.75718304936149,ChEMBL,Medium,2026-03-10,Experimental
CCOc1ccc(cc1)C(=O)O,58.63317753473787,ChEMBL,Medium,2026-03-10,Experimental
CC(C)Cc1ccc(cc1)C(C)C(=O)O,82.67960605551087,ChEMBL,High,2026-03-10,Experimental
CC(=O)Oc1ccccc1C(=O)O,68.77976731892566,ChEMBL,Medium,2026-03-10,Experimental
CN1C=NC2=C1C(=O)N(C(=O)N2C)C,92.30046448253836,ChEMBL,High,2026-03-10,Experimental
CC(C)NCC(COc1ccccc1)O,41.51504524082573,ChEMBL,Medium,2026-03-10,Experimental
CC(=O)Nc1ccc(O)cc1,87.73692704508717,ChEMBL,High,2026-03-10,Experimental
c1ccc(cc1)c2ccccc2,52.11490527482911,ChEMBL,Medium,2026-03-10,Experimental
c1ccc(cc1)c2ccc(cc2)c3ccccc3,11.226504120817273,ChEMBL,Low,2026-03-10,Experimental
CC(C)(C)c1ccc(O)cc1,25.94523245298394,ChEMBL,Low,2026-03-10,Experimental
Cc1ccccc1C(=O)O,72.39384391098854,ChEMBL,Medium,2026-03-10,Experimental
CCOc1ccc(cc1)C(=O)O,59.28701333339194,ChEMBL,Medium,2026-03-10,Experimental
CC(C)Cc1ccc(cc1)C(C)C(=O)O,80.8877003448085,ChEMBL,High,2026-03-10,Experimental
CC(=O)Oc1ccccc1C(=O)O,66.43908440271792,ChEMBL,Medium,2026-03-10,Experimental
CN1C=NC2=C1C(=O)N(C(=O)N2C)C,90.35763732161911,ChEMBL,High,2026-03-10,Experimental
CC(C)NCC(COc1ccccc1)O,35.987981986563454,ChEMBL,Medium,2026-03-10,Experimental
CC(=O)Nc1ccc(O)cc1,87.9527854516991,ChEMBL,High,2026-03-10,Experimental
c1ccc(cc1)c2ccccc2,42.441773651676165,ChEMBL,Medium,2026-03-10,Experimental
c1ccc(cc1)c2ccc(cc2)c3ccccc3,13.83230950076991,ChEMBL,Low,2026-03-10,Experimental
CC(C)(C)c1ccc(O)cc1,27.843089467834094,ChEMBL,Low,2026-03-10,Experimental
Cc1ccccc1C(=O)O,60.53208321699742,ChEMBL,Medium,2026-03-10,Experimental
CCOc1ccc(cc1)C(=O)O,61.50089884314077,ChEMBL,Medium,2026-03-10,Experimental
CC(C)Cc1ccc(cc1)C(C)C(=O)O,81.90170889623724,ChEMBL,High,2026-03-10,Experimental
CC(=O)Oc1ccccc1C(=O)O,74.15755628975785,ChEMBL,Medium,2026-03-10,Experimental
CN1C=NC2=C1C(=O)N(C(=O)N2C)C,99.0,ChEMBL,High,2026-03-10,Experimental
CC(C)NCC(COc1ccccc1)O,42.379532913423596,ChEMBL,Medium,2026-03-10,Experimental
CC(=O)Nc1ccc(O)cc1,91.22319620987582,ChEMBL,High,2026-03-10,Experimental
c1ccc(cc1)c2ccccc2,40.81780879059522,ChEMBL,Medium,2026-03-10,Experimental
c1ccc(cc1)c2ccc(cc2)c3ccccc3,12.273855498627483,ChEMBL,Low,2026-03-10,Experimental
CC(C)(C)c1ccc(O)cc1,23.42491227672826,ChEMBL,Low,2026-03-10,Experimental
Cc1ccccc1C(=O)O,67.12793086294542,ChEMBL,Medium,2026-03-10,Experimental
CCOc1ccc(cc1)C(=O)O,59.72289914646518,ChEMBL,Medium,2026-03-10,Experimental
CC(C)Cc1ccc(cc1)C(C)C(=O)O,83.5191784110805,ChEMBL,High,2026-03-10,Experimental
CC(=O)Oc1ccccc1C(=O)O,69.96443725229821,ChEMBL,Medium,2026-03-10,Experimental
CN1C=NC2=C1C(=O)N(C(=O)N2C)C,88.38600022757615,ChEMBL,High,2026-03-10,Experimental
CC(C)NCC(COc1ccccc1)O,41.03537866554526,ChEMBL,Medium,2026-03-10,Experimental
CC(=O)Nc1ccc(O)cc1,84.6722737801725,ChEMBL,High,2026-03-10,Experimental
c1ccc(cc1)c2ccccc2,43.675719443383926,ChEMBL,Medium,2026-03-10,Experimental
c1ccc(cc1)c2ccc(cc2)c3ccccc3,14.394631289145138,ChEMBL,Low,2026-03-10,Experimental
CC(C)(C)c1ccc(O)cc1,23.49303569853085,ChEMBL,Low,2026-03-10,Experimental
Cc1ccccc1C(=O)O,65.22601429131463,ChEMBL,Medium,2026-03-10,Experimental
CCOc1ccc(cc1)C(=O)O,57.38503510855341,ChEMBL,Medium,2026-03-10,Experimental
CC(C)Cc1ccc(cc1)C(C)C(=O)O,81.35560879975904,ChEMBL,High,2026-03-10,Experimental
CC(=O)Oc1ccccc1C(=O)O,64.97046192755178,ChEMBL,Medium,2026-03-10,Experimental
CN1C=NC2=C1C(=O)N(C(=O)N2C)C,94.97586897576466,ChEMBL,High,2026-03-10,Experimental
CC(C)NCC(COc1ccccc1)O,40.37848786293275,ChEMBL,Medium,2026-03-10,Experimental
CC(=O)Nc1ccc(O)cc1,86.47461417462597,ChEMBL,High,2026-03-10,Experimental
c1ccc(cc1)c2ccccc2,40.37541039917054,ChEMBL,Medium,2026-03-10,Experimental
c1ccc(cc1)c2ccc(cc2)c3ccccc3,12.04385445968287,ChEMBL,Low,2026-03-10,Experimental
CC(C)(C)c1ccc(O)cc1,23.69506814027244,ChEMBL,Low,2026-03-10,Experimental
Cc1ccccc1C(=O)O,59.42085850783365,ChEMBL,Medium,2026-03-10,Experimental
CCOc1ccc(cc1)C(=O)O,56.852684908095256,ChEMBL,Medium,2026-03-10,Experimental
CC(C)Cc1ccc(cc1)C(C)C(=O)O,79.8877133444973,ChEMBL,Medium,2026-03-10,Experimental
CC(=O)Oc1ccccc1C(=O)O,70.31776117515707,ChEMBL,Medium,2026-03-10,Experimental
CN1C=NC2=C1C(=O)N(C(=O)N2C)C,92.17652564496026,ChEMBL,High,2026-03-10,Experimental
CC(C)NCC(COc1ccccc1)O,35.738965668740185,ChEMBL,Medium,2026-03-10,Experimental
CC(=O)Nc1ccc(O)cc1,83.21733342781805,ChEMBL,High,2026-03-10,Experimental
c1ccc(cc1)c2ccccc2,47.20816638306409,ChEMBL,Medium,2026-03-10,Experimental
c1ccc(cc1)c2ccc(cc2)c3ccccc3,15.09368931531655,ChEMBL,Low,2026-03-10,Experimental
CC(C)(C)c1ccc(O)cc1,23.021832353821374,ChEMBL,Low,2026-03-10,Experimental
Cc1ccccc1C(=O)O,67.87353078291491,ChEMBL,Medium,2026-03-10,Experimental
CCOc1ccc(cc1)C(=O)O,56.03720335775019,ChEMBL,Medium,2026-03-10,Experimental
CC(C)Cc1ccc(cc1)C(C)C(=O)O,78.05016903438397,ChEMBL,Medium,2026-03-10,Experimental
CC(=O)Oc1ccccc1C(=O)O,68.2982484836617,ChEMBL,Medium,2026-03-10,Experimental
CN1C=NC2=C1C(=O)N(C(=O)N2C)C,90.98382463503133,ChEMBL,High,2026-03-10,Experimental
CC(C)NCC(COc1ccccc1)O,40.5083092675451,ChEMBL,Medium,2026-03-10,Experimental
CC(=O)Nc1ccc(O)cc1,84.56137289136785,ChEMBL,High,2026-03-10,Experimental
c1ccc(cc1)c2ccccc2,47.033009223076206,ChEMBL,Medium,2026-03-10,Experimental
c1ccc(cc1)c2ccc(cc2)c3ccccc3,16.483711140409678,ChEMBL,Low,2026-03-10,Experimental
CC(C)(C)c1ccc(O)cc1,18.321772875097984,ChEMBL,Low,2026-03-10,Experimental
Cc1ccccc1C(=O)O,65.51263460221456,ChEMBL,Medium,2026-03-10,Experimental
CCOc1ccc(cc1)C(=O)O,60.07793588656239,ChEMBL,Medium,2026-03-10,Experimental
CC(C)Cc1ccc(cc1)C(C)C(=O)O,79.0123265328007,ChEMBL,Medium,2026-03-10,Experimental
CC(=O)Oc1ccccc1C(=O)O,68.36337068679872,ChEMBL,Medium,2026-03-10,Experimental
CN1C=NC2=C1C(=O)N(C(=O)N2C)C,93.72856030520018,ChEMBL,High,2026-03-10,Experimental
CC(C)NCC(COc1ccccc1)O,38.9299193579354,ChEMBL,Medium,2026-03-10,Experimental
CC(=O)Nc1ccc(O)cc1,91.70110793660531,ChEMBL,High,2026-03-10,Experimental
c1ccc(cc1)c2ccccc2,46.38523237001077,ChEMBL,Medium,2026-03-10,Experimental
c1ccc(cc1)c2ccc(cc2)c3ccccc3,16.14801327953143,ChEMBL,Low,2026-03-10,Experimental
CC(C)(C)c1ccc(O)cc1,27.77386040161301,ChEMBL,Low,2026-03-10,Experimental
Cc1ccccc1C(=O)O,64.79473842001126,ChEMBL,Medium,2026-03-10,Experimental
CCOc1ccc(cc1)C(=O)O,61.27844125803914,ChEMBL,Medium,2026-03-10,Experimental
CC(C)Cc1ccc(cc1)C(C)C(=O)O,81.12563951638452,ChEMBL,High,2026-03-10,Experimental
CC(=O)Oc1ccccc1C(=O)O,61.135778077379356,ChEMBL,Medium,2026-03-10,Experimental
CN1C=NC2=C1C(=O)N(C(=O)N2C)C,95.57420707615914,ChEMBL,High,2026-03-10,Experimental
CC(C)NCC(COc1ccccc1)O,40.71823478072461,ChEMBL,Medium,2026-03-10,Experimental
CC(=O)Nc1ccc(O)cc1,84.8329025051059,ChEMBL,High,2026-03-10,Experimental
c1ccc(cc1)c2ccccc2,40.789889207188544,ChEMBL,Medium,2026-03-10,Experimental
c1ccc(cc1)c2ccc(cc2)c3ccccc3,12.68245246522025,ChEMBL,Low,2026-03-10,Experimental
CC(C)(C)c1ccc(O)cc1,22.836628050938423,ChEMBL,Low,2026-03-10,Experimental
Cc1ccccc1C(=O)O,67.88044362037687,ChEMBL,Medium,2026-03-10,Experimental
CCOc1ccc(cc1)C(=O)O,61.415955943050754,ChEMBL,Medium,2026-03-10,Experimental
CC(C)Cc1ccc(cc1)C(C)C(=O)O,85.18110246742566,ChEMBL,High,2026-03-10,Experimental
CC(=O)Oc1ccccc1C(=O)O,71.68726028030615,ChEMBL,Medium,2026-03-10,Experimental
CN1C=NC2=C1C(=O)N(C(=O)N2C)C,90.85754017708459,ChEMBL,High,2026-03-10,Experimental
CC(C)NCC(COc1ccccc1)O,39.67466423351929,ChEMBL,Medium,2026-03-10,Experimental
CC(=O)Nc1ccc(O)cc1,88.53979016378223,ChEMBL,High,2026-03-10,Experimental
c1ccc(cc1)c2ccccc2,43.42467822150912,ChEMBL,Medium,2026-03-10,Experimental
c1ccc(cc1)c2ccc(cc2)c3ccccc3,12.424439977084882,ChEMBL,Low,2026-03-10,Experimental
CC(C)(C)c1ccc(O)cc1,21.96538382979263,ChEMBL,Low,2026-03-10,Experimental
Cc1ccccc1C(=O)O,67.32889834419134,ChEMBL,Medium,2026-03-10,Experimental
CCOc1ccc(cc1)C(=O)O,64.45330990723134,ChEMBL,Medium,2026-03-10,Experimental
CC(C)Cc1ccc(cc1)C(C)C(=O)O,78.22156446030716,ChEMBL,Medium,2026-03-10,Experimental
CC(=O)Oc1ccccc1C(=O)O,65.10477618367074,ChEMBL,Medium,2026-03-10,Experimental
CN1C=NC2=C1C(=O)N(C(=O)N2C)C,92.25966749280721,ChEMBL,High,2026-03-10,Experimental
CC(C)NCC(COc1ccccc1)O,39.64265005504784,ChEMBL,Medium,2026-03-10,Experimental
CC(=O)Nc1ccc(O)cc1,91.23307989218935,ChEMBL,High,2026-03-10,Experimental
c1ccc(cc1)c2ccccc2,43.87829538335061,ChEMBL,Medium,2026-03-10,Experimental
c1ccc(cc1)c2ccc(cc2)c3ccccc3,12.443554540893999,ChEMBL,Low,2026-03-10,Experimental
CC(C)(C)c1ccc(O)cc1,25.47533222515931,ChEMBL,Low,2026-03-10,Experimental
Cc1ccccc1C(=O)O,62.0237020573236,ChEMBL,Medium,2026-03-10,Experimental
CCOc1ccc(cc1)C(=O)O,62.54888223164019,ChEMBL,Medium,2026-03-10,Experimental
CC(C)Cc1ccc(cc1)C(C)C(=O)O,76.51923644692727,ChEMBL,Medium,2026-03-10,Experimental
CC(=O)Oc1ccccc1C(=O)O,69.91465538397645,ChEMBL,Medium,2026-03-10,Experimental
CN1C=NC2=C1C(=O)N(C(=O)N2C)C,99.0,ChEMBL,High,2026-03-10,Experimental
CC(C)NCC(COc1ccccc1)O,38.2789400536142,ChEMBL,Medium,2026-03-10,Experimental
CC(=O)Nc1ccc(O)cc1,81.27278296382569,ChEMBL,High,2026-03-10,Experimental
c1ccc(cc1)c2ccccc2,44.34604202757748,ChEMBL,Medium,2026-03-10,Experimental
c1ccc(cc1)c2ccc(cc2)c3ccccc3,11.557387599312193,ChEMBL,Low,2026-03-10,Experimental
CC(C)(C)c1ccc(O)cc1,25.85756490072906,ChEMBL,Low,2026-03-10,Experimental
Cc1ccccc1C(=O)O,62.71498053952361,ChEMBL,Medium,2026-03-10,Experimental
CCOc1ccc(cc1)C(=O)O,55.514015844410885,ChEMBL,Medium,2026-03-10,Experimental
CC(C)Cc1ccc(cc1)C(C)C(=O)O,77.48746415659915,ChEMBL,Medium,2026-03-10,Experimental
CC(=O)Oc1ccccc1C(=O)O,68.07843474065092,ChEMBL,Medium,2026-03-10,Experimental
CN1C=NC2=C1C(=O)N(C(=O)N2C)C,89.62392622375063,ChEMBL,High,2026-03-10,Experimental
CC(C)NCC(COc1ccccc1)O,36.259376080866865,ChEMBL,Medium,2026-03-10,Experimental
CC(=O)Nc1ccc(O)cc1,87.06206912900221,ChEMBL,High,2026-03-10,Experimental
c1ccc(cc1)c2ccccc2,40.532777824511065,ChEMBL,Medium,2026-03-10,Experimental
c1ccc(cc1)c2ccc(cc2)c3ccccc3,14.8505660994468,ChEMBL,Low,2026-03-10,Experimental
CC(C)(C)c1ccc(O)cc1,19.059634500522378,ChEMBL,Low,2026-03-10,Experimental
Cc1ccccc1C(=O)O,61.90066711264726,ChEMBL,Medium,2026-03-10,Experimental
CCOc1ccc(cc1)C(=O)O,61.144545182597824,ChEMBL,Medium,2026-03-10,Experimental
CC(C)Cc1ccc(cc1)C(C)C(=O)O,82.24859524822206,ChEMBL,High,2026-03-10,Experimental
CC(=O)Oc1ccccc1C(=O)O,68.10237338692801,ChEMBL,Medium,2026-03-10,Experimental
CN1C=NC2=C1C(=O)N(C(=O)N2C)C,94.47555944673717,ChEMBL,High,2026-03-10,Experimental
CC(C)NCC(COc1ccccc1)O,41.17567613547524,ChEMBL,Medium,2026-03-10,Experimental
CC(=O)Nc1ccc(O)cc1,91.39911099010111,ChEMBL,High,2026-03-10,Experimental
c1ccc(cc1)c2ccccc2,46.188767696452665,ChEMBL,Medium,2026-03-10,Experimental
c1ccc(cc1)c2ccc(cc2)c3ccccc3,15.73899665087264,ChEMBL,Low,2026-03-10,Experimental
CC(C)(C)c1ccc(O)cc1,23.811773979158176,ChEMBL,Low,2026-03-10,Experimental
Cc1ccccc1C(=O)O,62.483547212295505,ChEMBL,Medium,2026-03-10,Experimental
CCOc1ccc(cc1)C(=O)O,57.83527113979767,ChEMBL,Medium,2026-03-10,Experimental
CC(C)Cc1ccc(cc1)C(C)C(=O)O,83.60720531960278,ChEMBL,High,2026-03-10,Experimental
CC(=O)Oc1ccccc1C(=O)O,65.46972926084032,ChEMBL,Medium,2026-03-10,Experimental
CN1C=NC2=C1C(=O)N(C(=O)N2C)C,94.79857185026306,ChEMBL,High,2026-03-10,Experimental
CC(C)NCC(COc1ccccc1)O,47.773763919841,ChEMBL,Medium,2026-03-10,Experimental
CC(=O)Nc1ccc(O)cc1,82.44335109821947,ChEMBL,High,2026-03-10,Experimental
c1ccc(cc1)c2ccccc2,47.2013529117082,ChEMBL,Medium,2026-03-10,Experimental
c1ccc(cc1)c2ccc(cc2)c3ccccc3,17.310454390906695,ChEMBL,Low,2026-03-10,Experimental
CC(C)(C)c1ccc(O)cc1,26.13504643837358,ChEMBL,Low,2026-03-10,Experimental
Cc1ccccc1C(=O)O,56.98242929497626,ChEMBL,Medium,2026-03-10,Experimental
CCOc1ccc(cc1)C(=O)O,60.601184516074,ChEMBL,Medium,2026-03-10,Experimental
CC(C)Cc1ccc(cc1)C(C)C(=O)O,78.38713561023958,ChEMBL,Medium,2026-03-10,Experimental
CC(=O)Oc1ccccc1C(=O)O,67.08388637116667,ChEMBL,Medium,2026-03-10,Experimental
CN1C=NC2=C1C(=O)N(C(=O)N2C)C,97.24363636920071,ChEMBL,High,2026-03-10,Experimental
CC(C)NCC(COc1ccccc1)O,38.57192870530318,ChEMBL,Medium,2026-03-10,Experimental
CC(=O)Nc1ccc(O)cc1,86.76319935859351,ChEMBL,High,2026-03-10,Experimental
c1ccc(cc1)c2ccccc2,43.239445264665086,ChEMBL,Medium,2026-03-10,Experimental
c1ccc(cc1)c2ccc(cc2)c3ccccc3,16.025113420358593,ChEMBL,Low,2026-03-10,Experimental
CC(C)(C)c1ccc(O)cc1,23.929426605804935,ChEMBL,Low,2026-03-10,Experimental
Cc1ccccc1C(=O)O,63.83108404810318,ChEMBL,Medium,2026-03-10,Experimental
CCOc1ccc(cc1)C(=O)O,58.9305690090024,ChEMBL,Medium,2026-03-10,Experimental
CC(C)Cc1ccc(cc1)C(C)C(=O)O,77.06199454320785,ChEMBL,Medium,2026-03-10,Experimental
CC(=O)Oc1ccccc1C(=O)O,64.06072579030511,ChEMBL,Medium,2026-03-10,Experimental
CN1C=NC2=C1C(=O)N(C(=O)N2C)C,99.0,ChEMBL,High,2026-03-10,Experimental
CC(C)NCC(COc1ccccc1)O,39.53016974721717,ChEMBL,Medium,2026-03-10,Experimental
CC(=O)Nc1ccc(O)cc1,84.6881251090696,ChEMBL,High,2026-03-10,Experimental
c1ccc(cc1)c2ccccc2,45.951363727815,ChEMBL,Medium,2026-03-10,Experimental
c1ccc(cc1)c2ccc(cc2)c3ccccc3,13.630120972397687,ChEMBL,Low,2026-03-10,Experimental
CC(C)(C)c1ccc(O)cc1,24.649312484126106,ChEMBL,Low,2026-03-10,Experimental
Cc1ccccc1C(=O)O,71.47660791355923,ChEMBL,Medium,2026-03-10,Experimental
CCOc1ccc(cc1)C(=O)O,58.819944634721296,ChEMBL,Medium,2026-03-10,Experimental
CC(C)Cc1ccc(cc1)C(C)C(=O)O,71.47984008126981,ChEMBL,Medium,2026-03-10,Experimental
CC(=O)Oc1ccccc1C(=O)O,66.62188056042959,ChEMBL,Medium,2026-03-10,Experimental
CN1C=NC2=C1C(=O)N(C(=O)N2C)C,99.0,ChEMBL,High,2026-03-10,Experimental
CC(C)NCC(COc1ccccc1)O,38.1231053093137,ChEMBL,Medium,2026-03-10,Experimental
CC(=O)Nc1ccc(O)cc1,92.17723698883839,ChEMBL,High,2026-03-10,Experimental
c1ccc(cc1)c2ccccc2,45.07338878303132,ChEMBL,Medium,2026-03-10,Experimental
c1ccc(cc1)c2ccc(cc2)c3ccccc3,16.230150238570783,ChEMBL,Low,2026-03-10,Experimental
CC(C)(C)c1ccc(O)cc1,19.866760135238703,ChEMBL,Low,2026-03-10,Experimental
Cc1ccccc1C(=O)O,58.85545791069119,ChEMBL,Medium,2026-03-10,Experimental
CCOc1ccc(cc1)C(=O)O,61.68692463262094,ChEMBL,Medium,2026-03-10,Experimental
CC(C)Cc1ccc(cc1)C(C)C(=O)O,83.04658212377197,ChEMBL,High,2026-03-10,Experimental
CC(=O)Oc1ccccc1C(=O)O,70.23918902144425,ChEMBL,Medium,2026-03-10,Experimental
CN1C=NC2=C1C(=O)N(C(=O)N2C)C,97.99075752155078,ChEMBL,High,2026-03-10,Experimental
CC(C)NCC(COc1ccccc1)O,38.365681509423105,ChEMBL,Medium,2026-03-10,Experimental
CC(=O)Nc1ccc(O)cc1,88.67704316656265,ChEMBL,High,2026-03-10,Experimental
c1ccc(cc1)c2ccccc2,35.82599932804293,ChEMBL,Medium,2026-03-10,Experimental
c1ccc(cc1)c2ccc(cc2)c3ccccc3,13.569489518719486,ChEMBL,Low,2026-03-10,Experimental
CC(C)(C)c1ccc(O)cc1,28.94079840583119,ChEMBL,Low,2026-03-10,Experimental
Cc1ccccc1C(=O)O,65.18844927890883,ChEMBL,Medium,2026-03-10,Experimental
CCOc1ccc(cc1)C(=O)O,58.433685069202035,ChEMBL,Medium,2026-03-10,Experimental
CC(C)Cc1ccc(cc1)C(C)C(=O)O,83.19500232745493,ChEMBL,High,2026-03-10,Experimental
CC(=O)Oc1ccccc1C(=O)O,69.27868633365615,ChEMBL,Medium,2026-03-10,Experimental
CN1C=NC2=C1C(=O)N(C(=O)N2C)C,94.29992793552502,ChEMBL,High,2026-03-10,Experimental
CC(C)NCC(COc1ccccc1)O,41.32846766851466,ChEMBL,Medium,2026-03-10,Experimental
CC(=O)Nc1ccc(O)cc1,90.96386391135447,ChEMBL,High,2026-03-10,Experimental
c1ccc(cc1)c2ccccc2,48.076859795055796,ChEMBL,Medium,2026-03-10,Experimental
c1ccc(cc1)c2ccc(cc2)c3ccccc3,15.72570467852791,ChEMBL,Low,2026-03-10,Experimental
CC(C)(C)c1ccc(O)cc1,23.613870269082156,ChEMBL,Low,2026-03-10,Experimental
Cc1ccccc1C(=O)O,62.61499258152647,ChEMBL,Medium,2026-03-10,Experimental
CCOc1ccc(cc1)C(=O)O,59.338823257310466,ChEMBL,Medium,2026-03-10,Experimental
CC(C)Cc1ccc(cc1)C(C)C(=O)O,78.11108682154122,ChEMBL,Medium,2026-03-10,Experimental
CC(=O)Oc1ccccc1C(=O)O,75.5313932043263,ChEMBL,Medium,2026-03-10,Experimental
CN1C=NC2=C1C(=O)N(C(=O)N2C)C,96.46841234020553,ChEMBL,High,2026-03-10,Experimental
CC(C)NCC(COc1ccccc1)O,37.814042518845426,ChEMBL,Medium,2026-03-10,Experimental
CC(=O)Nc1ccc(O)cc1,90.18066175532687,ChEMBL,High,2026-03-10,Experimental
c1ccc(cc1)c2ccccc2,44.88425100726681,ChEMBL,Medium,2026-03-10,Experimental
c1ccc(cc1)c2ccc(cc2)c3ccccc3,16.656886713177876,ChEMBL,Low,2026-03-10,Experimental
CC(C)(C)c1ccc(O)cc1,22.998771248457935,ChEMBL,Low,2026-03-10,Experimental
Cc1ccccc1C(=O)O,63.11870041157513,ChEMBL,Medium,2026-03-10,Experimental
CCOc1ccc(cc1)C(=O)O,59.755961296673526,ChEMBL,Medium,2026-03-10,Experimental
CC(C)Cc1ccc(cc1)C(C)C(=O)O,79.48952963234908,ChEMBL,Medium,2026-03-10,Experimental
CC(=O)Oc1ccccc1C(=O)O,67.67211717861873,ChEMBL,Medium,2026-03-10,Experimental
CN1C=NC2=C1C(=O)N(C(=O)N2C)C,97.18714362362736,ChEMBL,High,2026-03-10,Experimental
CC(C)NCC(COc1ccccc1)O,35.31908957272892,ChEMBL,Medium,2026-03-10,Experimental
CC(=O)Nc1ccc(O)cc1,88.89278575544016,ChEMBL,High,2026-03-10,Experimental
c1ccc(cc1)c2ccccc2,47.832252373801055,ChEMBL,Medium,2026-03-10,Experimental
c1ccc(cc1)c2ccc(cc2)c3ccccc3,17.064504982559775,ChEMBL,Low,2026-03-10,Experimental
CC(C)(C)c1ccc(O)cc1,26.741788160098526,ChEMBL,Low,2026-03-10,Experimental
Cc1ccccc1C(=O)O,67.91624327251292,ChEMBL,Medium,2026-03-10,Experimental
CCOc1ccc(cc1)C(=O)O,60.29671060564728,ChEMBL,Medium,2026-03-10,Experimental
CC(C)Cc1ccc(cc1)C(C)C(=O)O,83.60946916982198,ChEMBL,High,2026-03-10,Experimental
CC(=O)Oc1ccccc1C(=O)O,66.55942183329698,ChEMBL,Medium,2026-03-10,Experimental
CN1C=NC2=C1C(=O)N(C(=O)N2C)C,96.47891202459613,ChEMBL,High,2026-03-10,Experimental
CC(C)NCC(COc1ccccc1)O,37.06572185533221,ChEMBL,Medium,2026-03-10,Experimental
CC(=O)Nc1ccc(O)cc1,87.32529717123154,ChEMBL,High,2026-03-10,Experimental
c1ccc(cc1)c2ccccc2,46.26464813605233,ChEMBL,Medium,2026-03-10,Experimental
c1ccc(cc1)c2ccc(cc2)c3ccccc3,18.635784936083173,ChEMBL,Low,2026-03-10,Experimental
CC(C)(C)c1ccc(O)cc1,23.98778419850772,ChEMBL,Low,2026-03-10,Experimental
Cc1ccccc1C(=O)O,67.42973574750432,ChEMBL,Medium,2026-03-10,Experimental
CCOc1ccc(cc1)C(=O)O,60.14866418024274,ChEMBL,Medium,2026-03-10,Experimental
CC(C)Cc1ccc(cc1)C(C)C(=O)O,84.53801751165138,ChEMBL,High,2026-03-10,Experimental
CC(=O)Oc1ccccc1C(=O)O,69.30189718056819,ChEMBL,Medium,2026-03-10,Experimental
CN1C=NC2=C1C(=O)N(C(=O)N2C)C,98.04781794555961,ChEMBL,High,2026-03-10,Experimental
CC(C)NCC(COc1ccccc1)O,34.85509111862983,ChEMBL,Medium,2026-03-10,Experimental
CC(=O)Nc1ccc(O)cc1,84.57535184620359,ChEMBL,High,2026-03-10,Experimental
c1ccc(cc1)c2ccccc2,43.347736430592,ChEMBL,Medium,2026-03-10,Experimental
c1ccc(cc1)c2ccc(cc2)c3ccccc3,12.300282397239393,ChEMBL,Low,2026-03-10,Experimental
CC(C)(C)c1ccc(O)cc1,23.11824686071946,ChEMBL,Low,2026-03-10,Experimental
Cc1ccccc1C(=O)O,65.43675620345358,ChEMBL,Medium,2026-03-10,Experimental
CCOc1ccc(cc1)C(=O)O,63.887001038829624,ChEMBL,Medium,2026-03-10,Experimental
CC(C)Cc1ccc(cc1)C(C)C(=O)O,80.7532914303784,ChEMBL,High,2026-03-10,Experimental
CC(=O)Oc1ccccc1C(=O)O,72.32192191647265,ChEMBL,Medium,2026-03-10,Experimental
CN1C=NC2=C1C(=O)N(C(=O)N2C)C,93.7477773219268,ChEMBL,High,2026-03-10,Experimental
CC(C)NCC(COc1ccccc1)O,39.008126794509955,ChEMBL,Medium,2026-03-10,Experimental
CC(=O)Nc1ccc(O)cc1,84.43854328462857,ChEMBL,High,2026-03-10,Experimental
c1ccc(cc1)c2ccccc2,41.410599591855856,ChEMBL,Medium,2026-03-10,Experimental
c1ccc(cc1)c2ccc(cc2)c3ccccc3,21.677293985567147,ChEMBL,Low,2026-03-10,Experimental
CC(C)(C)c1ccc(O)cc1,27.248820293387375,ChEMBL,Low,2026-03-10,Experimental
Cc1ccccc1C(=O)O,63.228900827402306,ChEMBL,Medium,2026-03-10,Experimental
CCOc1ccc(cc1)C(=O)O,59.28998220466992,ChEMBL,Medium,2026-03-10,Experimental
CC(C)Cc1ccc(cc1)C(C)C(=O)O,82.23666723282972,ChEMBL,High,2026-03-10,Experimental
CC(=O)Oc1ccccc1C(=O)O,64.92150397211795,ChEMBL,Medium,2026-03-10,Experimental
CN1C=NC2=C1C(=O)N(C(=O)N2C)C,95.92679845917327,ChEMBL,High,2026-03-10,Experimental
CC(C)NCC(COc1ccccc1)O,41.94430555957812,ChEMBL,Medium,2026-03-10,Experimental
CC(=O)Nc1ccc(O)cc1,91.96404017200112,ChEMBL,High,2026-03-10,Experimental
c1ccc(cc1)c2ccccc2,47.607070850921566,ChEMBL,Medium,2026-03-10,Experimental
c1ccc(cc1)c2ccc(cc2)c3ccccc3,16.151509577835753,ChEMBL,Low,2026-03-10,Experimental
CC(C)(C)c1ccc(O)cc1,24.64806280696818,ChEMBL,Low,2026-03-10,Experimental
Cc1ccccc1C(=O)O,63.52996884074347,ChEMBL,Medium,2026-03-10,Experimental
CCOc1ccc(cc1)C(=O)O,62.77097204827391,ChEMBL,Medium,2026-03-10,Experimental
CC(C)Cc1ccc(cc1)C(C)C(=O)O,76.87405021395246,ChEMBL,Medium,2026-03-10,Experimental
CC(=O)Oc1ccccc1C(=O)O,69.96334763679724,ChEMBL,Medium,2026-03-10,Experimental
CN1C=NC2=C1C(=O)N(C(=O)N2C)C,99.0,ChEMBL,High,2026-03-10,Experimental
CC(C)NCC(COc1ccccc1)O,42.53477670945978,ChEMBL,Medium,2026-03-10,Experimental
CC(=O)Nc1ccc(O)cc1,90.23728122263525,ChEMBL,High,2026-03-10,Experimental
c1ccc(cc1)c2ccccc2,41.194405641344936,ChEMBL,Medium,2026-03-10,Experimental
c1ccc(cc1)c2ccc(cc2)c3ccccc3,10.542856623338725,ChEMBL,Low,2026-03-10,Experimental
CC(C)(C)c1ccc(O)cc1,22.885008336108395,ChEMBL,Low,2026-03-10,Experimental
Cc1ccccc1C(=O)O,64.2050651529376,ChEMBL,Medium,2026-03-10,Experimental
CCOc1ccc(cc1)C(=O)O,59.07768724866219,ChEMBL,Medium,2026-03-10,Experimental
CC(C)Cc1ccc(cc1)C(C)C(=O)O,81.491595055402,ChEMBL,High,2026-03-10,Experimental
CC(=O)Oc1ccccc1C(=O)O,68.4452038368304,ChEMBL,Medium,2026-03-10,Experimental
CN1C=NC2=C1C(=O)N(C(=O)N2C)C,95.83295190558204,ChEMBL,High,2026-03-10,Experimental
CC(C)NCC(COc1ccccc1)O,41.93718698447234,ChEMBL,Medium,2026-03-10,Experimental
CC(=O)Nc1ccc(O)cc1,86.95364974599215,ChEMBL,High,2026-03-10,Experimental
c1ccc(cc1)c2ccccc2,46.90823224865522,ChEMBL,Medium,2026-03-10,Experimental
c1ccc(cc1)c2ccc(cc2)c3ccccc3,14.01548593984585,ChEMBL,Low,2026-03-10,Experimental
CC(C)(C)c1ccc(O)cc1,26.761145949124945,ChEMBL,Low,2026-03-10,Experimental
Cc1ccccc1C(=O)O,66.80526230021157,ChEMBL,Medium,2026-03-10,Experimental
CCOc1ccc(cc1)C(=O)O,68.14894782509528,ChEMBL,Medium,2026-03-10,Experimental
CC(C)Cc1ccc(cc1)C(C)C(=O)O,75.35538035068609,ChEMBL,Medium,2026-03-10,Experimental
CC(=O)Oc1ccccc1C(=O)O,61.86494525506389,ChEMBL,Medium,2026-03-10,Experimental
CN1C=NC2=C1C(=O)N(C(=O)N2C)C,92.6828594200584,ChEMBL,High,2026-03-10,Experimental
CC(C)NCC(COc1ccccc1)O,37.46116705777073,ChEMBL,Medium,2026-03-10,Experimental
CC(=O)Nc1ccc(O)cc1,90.11174782883768,ChEMBL,High,2026-03-10,Experimental
c1ccc(cc1)c2ccccc2,44.938633788231265,ChEMBL,Medium,2026-03-10,Experimental
c1ccc(cc1)c2ccc(cc2)c3ccccc3,16.639292904277905,ChEMBL,Low,2026-03-10,Experimental
CC(C)(C)c1ccc(O)cc1,26.053919481261236,ChEMBL,Low,2026-03-10,Experimental
Cc1ccccc1C(=O)O,69.89832769992297,ChEMBL,Medium,2026-03-10,Experimental
CCOc1ccc(cc1)C(=O)O,61.898195411360646,ChEMBL,Medium,2026-03-10,Experimental
CC(C)Cc1ccc(cc1)C(C)C(=O)O,81.67958075549254,ChEMBL,High,2026-03-10,Experimental
CC(=O)Oc1ccccc1C(=O)O,68.06034840006322,ChEMBL,Medium,2026-03-10,Experimental
CN1C=NC2=C1C(=O)N(C(=O)N2C)C,99.0,ChEMBL,High,2026-03-10,Experimental
CC(C)NCC(COc1ccccc1)O,40.74460444501381,ChEMBL,Medium,2026-03-10,Experimental
CC(=O)Nc1ccc(O)cc1,83.77847228231376,ChEMBL,High,2026-03-10,Experimental
c1ccc(cc1)c2ccccc2,42.632551314924996,ChEMBL,Medium,2026-03-10,Experimental
c1ccc(cc1)c2ccc(cc2)c3ccccc3,11.553265504603969,ChEMBL,Low,2026-03-10,Experimental
CC(C)(C)c1ccc(O)cc1,24.7466112185763,ChEMBL,Low,2026-03-10,Experimental
Cc1ccccc1C(=O)O,64.64677451196621,ChEMBL,Medium,2026-03-10,Experimental
CCOc1ccc(cc1)C(=O)O,61.091430338232925,ChEMBL,Medium,2026-03-10,Experimental
CC(C)Cc1ccc(cc1)C(C)C(=O)O,77.35302253523177,ChEMBL,Medium,2026-03-10,Experimental
CC(=O)Oc1ccccc1C(=O)O,68.92147583240964,ChEMBL,Medium,2026-03-10,Experimental
CN1C=NC2=C1C(=O)N(C(=O)N2C)C,96.48735053689046,ChEMBL,High,2026-03-10,Experimental
CC(C)NCC(COc1ccccc1)O,39.30476729418338,ChEMBL,Medium,2026-03-10,Experimental
CC(=O)Nc1ccc(O)cc1,88.44485466731635,ChEMBL,High,2026-03-10,Experimental
c1ccc(cc1)c2ccccc2,44.90286298901957,ChEMBL,Medium,2026-03-10,Experimental
c1ccc(cc1)c2ccc(cc2)c3ccccc3,11.14439323723982,ChEMBL,Low,2026-03-10,Experimental
CC(C)(C)c1ccc(O)cc1,23.153910463388492,ChEMBL,Low,2026-03-10,Experimental
Cc1ccccc1C(=O)O,63.67704482309624,ChEMBL,Medium,2026-03-10,Experimental
CCOc1ccc(cc1)C(=O)O,60.49982222541798,ChEMBL,Medium,2026-03-10,Experimental
CC(C)Cc1ccc(cc1)C(C)C(=O)O,73.33560501985711,ChEMBL,Medium,2026-03-10,Experimental
CC(=O)Oc1ccccc1C(=O)O,73.73031503394996,ChEMBL,Medium,2026-03-10,Experimental
CN1C=NC2=C1C(=O)N(C(=O)N2C)C,94.38433601097859,ChEMBL,High,2026-03-10,Experimental
CC(C)NCC(COc1ccccc1)O,42.496296267578224,ChEMBL,Medium,2026-03-10,Experimental
CC(=O)Nc1ccc(O)cc1,87.0942607128626,ChEMBL,High,2026-03-10,Experimental
c1ccc(cc1)c2ccccc2,43.28275742597541,ChEMBL,Medium,2026-03-10,Experimental
c1ccc(cc1)c2ccc(cc2)c3ccccc3,10.869729878059548,ChEMBL,Low,2026-03-10,Experimental
CC(C)(C)c1ccc(O)cc1,24.09251093599837,ChEMBL,Low,2026-03-10,Experimental
Cc1ccccc1C(=O)O,64.6975912938835,ChEMBL,Medium,2026-03-10,Experimental
CCOc1ccc(cc1)C(=O)O,57.97367649440631,ChEMBL,Medium,2026-03-10,Experimental
CC(C)Cc1ccc(cc1)C(C)C(=O)O,89.2674869898966,ChEMBL,High,2026-03-10,Experimental
CC(=O)Oc1ccccc1C(=O)O,62.89808089054515,ChEMBL,Medium,2026-03-10,Experimental
CN1C=NC2=C1C(=O)N(C(=O)N2C)C,97.91473067414927,ChEMBL,High,2026-03-10,Experimental
CC(C)NCC(COc1ccccc1)O,40.47996174401092,ChEMBL,Medium,2026-03-10,Experimental
CC(=O)Nc1ccc(O)cc1,88.01676080004296,ChEMBL,High,2026-03-10,Experimental
c1ccc(cc1)c2ccccc2,49.23726560436943,ChEMBL,Medium,2026-03-10,Experimental
c1ccc(cc1)c2ccc(cc2)c3ccccc3,19.724587982434453,ChEMBL,Low,2026-03-10,Experimental
CC(C)(C)c1ccc(O)cc1,26.66920701495543,ChEMBL,Low,2026-03-10,Experimental
Cc1ccccc1C(=O)O,63.19895313542472,ChEMBL,Medium,2026-03-10,Experimental
CCOc1ccc(cc1)C(=O)O,65.53408715988556,ChEMBL,Medium,2026-03-10,Experimental
CC(C)Cc1ccc(cc1)C(C)C(=O)O,80.3024494270596,ChEMBL,High,2026-03-10,Experimental
CC(=O)Oc1ccccc1C(=O)O,68.30894977177718,ChEMBL,Medium,2026-03-10,Experimental
CN1C=NC2=C1C(=O)N(C(=O)N2C)C,90.37685794052551,ChEMBL,High,2026-03-10,Experimental
CC(C)NCC(COc1ccccc1)O,44.01245742753227,ChEMBL,Medium,2026-03-10,Experimental
CC(=O)Nc1ccc(O)cc1,96.9473858157633,ChEMBL,High,2026-03-10,Experimental
c1ccc(cc1)c2ccccc2,41.54201529119625,ChEMBL,Medium,2026-03-10,Experimental
c1ccc(cc1)c2ccc(cc2)c3ccccc3,11.828481005950653,ChEMBL,Low,2026-03-10,Experimental
CC(C)(C)c1ccc(O)cc1,23.99175592997852,ChEMBL,Low,2026-03-10,Experimental
Cc1ccccc1C(=O)O,66.97826033615475,ChEMBL,Medium,2026-03-10,Experimental
CCOc1ccc(cc1)C(=O)O,64.34341530227677,ChEMBL,Medium,2026-03-10,Experimental
CC(C)Cc1ccc(cc1)C(C)C(=O)O,77.90482860537806,ChEMBL,Medium,2026-03-10,Experimental
CC(=O)Oc1ccccc1C(=O)O,70.9828714237484,ChEMBL,Medium,2026-03-10,Experimental
CN1C=NC2=C1C(=O)N(C(=O)N2C)C,93.69129546734334,ChEMBL,High,2026-03-10,Experimental
CC(C)NCC(COc1ccccc1)O,39.29909770709751,ChEMBL,Medium,2026-03-10,Experimental
CC(=O)Nc1ccc(O)cc1,86.76909756160534,ChEMBL,High,2026-03-10,Experimental
c1ccc(cc1)c2ccccc2,42.87539122516239,ChEMBL,Medium,2026-03-10,Experimental
c1ccc(cc1)c2ccc(cc2)c3ccccc3,15.353986947029039,ChEMBL,Low,2026-03-10,Experimental
CC(C)(C)c1ccc(O)cc1,22.481386791860267,ChEMBL,Low,2026-03-10,Experimental
Cc1ccccc1C(=O)O,66.19645401129644,ChEMBL,Medium,2026-03-10,Experimental
CCOc1ccc(cc1)C(=O)O,64.16190365042044,ChEMBL,Medium,2026-03-10,Experimental
CC(C)Cc1ccc(cc1)C(C)C(=O)O,80.11838207672776,ChEMBL,High,2026-03-10,Experimental
CC(=O)Oc1ccccc1C(=O)O,64.71659607042207,ChEMBL,Medium,2026-03-10,Experimental
CN1C=NC2=C1C(=O)N(C(=O)N2C)C,93.6527425356411,ChEMBL,High,2026-03-10,Experimental
CC(C)NCC(COc1ccccc1)O,43.981745972440436,ChEMBL,Medium,2026-03-10,Experimental
CC(=O)Nc1ccc(O)cc1,89.38186297343117,ChEMBL,High,2026-03-10,Experimental
c1ccc(cc1)c2ccccc2,43.126398145060705,ChEMBL,Medium,2026-03-10,Experimental
c1ccc(cc1)c2ccc(cc2)c3ccccc3,18.04759533530308,ChEMBL,Low,2026-03-10,Experimental
CC(C)(C)c1ccc(O)cc1,23.465361998146737,ChEMBL,Low,2026-03-10,Experimental
Cc1ccccc1C(=O)O,68.07772176587555,ChEMBL,Medium,2026-03-10,Experimental
CCOc1ccc(cc1)C(=O)O,63.39150341660844,ChEMBL,Medium,2026-03-10,Experimental
CC(C)Cc1ccc(cc1)C(C)C(=O)O,76.95695413167276,ChEMBL,Medium,2026-03-10,Experimental
CC(=O)Oc1ccccc1C(=O)O,67.89009557389755,ChEMBL,Medium,2026-03-10,Experimental
CN1C=NC2=C1C(=O)N(C(=O)N2C)C,98.94114548770041,ChEMBL,High,2026-03-10,Experimental
CC(C)NCC(COc1ccccc1)O,38.98661511590786,ChEMBL,Medium,2026-03-10,Experimental
CC(=O)Nc1ccc(O)cc1,89.99511772807217,ChEMBL,High,2026-03-10,Experimental
c1ccc(cc1)c2ccccc2,45.75186232654472,ChEMBL,Medium,2026-03-10,Experimental
c1ccc(cc1)c2ccc(cc2)c3ccccc3,13.868640505577588,ChEMBL,Low,2026-03-10,Experimental
CC(C)(C)c1ccc(O)cc1,26.389452415964968,ChEMBL,Low,2026-03-10,Experimental
Cc1ccccc1C(=O)O,69.94909411997844,ChEMBL,Medium,2026-03-10,Experimental
CCOc1ccc(cc1)C(=O)O,61.76584472458289,ChEMBL,Medium,2026-03-10,Experimental
CC(C)Cc1ccc(cc1)C(C)C(=O)O,80.90957361626147,ChEMBL,High,2026-03-10,Experimental
CC(=O)Oc1ccccc1C(=O)O,72.73027899876195,ChEMBL,Medium,2026-03-10,Experimental
CN1C=NC2=C1C(=O)N(C(=O)N2C)C,99.0,ChEMBL,High,2026-03-10,Experimental
CC(C)NCC(COc1ccccc1)O,40.19101979582338,ChEMBL,Medium,2026-03-10,Experimental
CC(=O)Nc1ccc(O)cc1,86.22889892967423,ChEMBL,High,2026-03-10,Experimental
c1ccc(cc1)c2ccccc2,41.2656006696127,ChEMBL,Medium,2026-03-10,Experimental
c1ccc(cc1)c2ccc(cc2)c3ccccc3,15.530160291432606,ChEMBL,Low,2026-03-10,Experimental
CC(C)(C)c1ccc(O)cc1,23.33722862496218,ChEMBL,Low,2026-03-10,Experimental
Cc1ccccc1C(=O)O,64.56646826619907,ChEMBL,Medium,2026-03-10,Experimental
CCOc1ccc(cc1)C(=O)O,57.87321250563892,ChEMBL,Medium,2026-03-10,Experimental
CC(C)Cc1ccc(cc1)C(C)C(=O)O,85.89640525777617,ChEMBL,High,2026-03-10,Experimental
CC(=O)Oc1ccccc1C(=O)O,72.82789481376719,ChEMBL,Medium,2026-03-10,Experimental
CN1C=NC2=C1C(=O)N(C(=O)N2C)C,93.92865912953309,ChEMBL,High,2026-03-10,Experimental
CC(C)NCC(COc1ccccc1)O,41.85846050435999,ChEMBL,Medium,2026-03-10,Experimental
CC(=O)Nc1ccc(O)cc1,90.75798090819394,ChEMBL,High,2026-03-10,Experimental
c1ccc(cc1)c2ccccc2,46.44213210232115,ChEMBL,Medium,2026-03-10,Experimental
c1ccc(cc1)c2ccc(cc2)c3ccccc3,18.826431853691034,ChEMBL,Low,2026-03-10,Experimental
CC(C)(C)c1ccc(O)cc1,23.974374465316135,ChEMBL,Low,2026-03-10,Experimental
Cc1ccccc1C(=O)O,67.34588374805092,ChEMBL,Medium,2026-03-10,Experimental
CCOc1ccc(cc1)C(=O)O,58.384763835983584,ChEMBL,Medium,2026-03-10,Experimental
CC(C)Cc1ccc(cc1)C(C)C(=O)O,79.04008787797419,ChEMBL,Medium,2026-03-10,Experimental
CC(=O)Oc1ccccc1C(=O)O,66.58248344634737,ChEMBL,Medium,2026-03-10,Experimental
CN1C=NC2=C1C(=O)N(C(=O)N2C)C,98.71951403039057,ChEMBL,High,2026-03-10,Experimental
CC(C)NCC(COc1ccccc1)O,38.6362917434121,ChEMBL,Medium,2026-03-10,Experimental
CC(=O)Nc1ccc(O)cc1,86.83764396068865,ChEMBL,High,2026-03-10,Experimental
c1ccc(cc1)c2ccccc2,43.08518653908361,ChEMBL,Medium,2026-03-10,Experimental
c1ccc(cc1)c2ccc(cc2)c3ccccc3,15.71937989923419,ChEMBL,Low,2026-03-10,Experimental
CC(C)(C)c1ccc(O)cc1,23.069248793405087,ChEMBL,Low,2026-03-10,Experimental
Cc1ccccc1C(=O)O,68.43834337912088,ChEMBL,Medium,2026-03-10,Experimental
CCOc1ccc(cc1)C(=O)O,65.48260912311466,ChEMBL,Medium,2026-03-10,Experimental
CC(C)Cc1ccc(cc1)C(C)C(=O)O,77.0722372675742,ChEMBL,Medium,2026-03-10,Experimental
CC(=O)Oc1ccccc1C(=O)O,67.92276363151544,ChEMBL,Medium,2026-03-10,Experimental
CN1C=NC2=C1C(=O)N(C(=O)N2C)C,95.07021465630262,ChEMBL,High,2026-03-10,Experimental
CC(C)NCC(COc1ccccc1)O,40.24517796544439,ChEMBL,Medium,2026-03-10,Experimental
CC(=O)Nc1ccc(O)cc1,87.45461155975516,ChEMBL,High,2026-03-10,Experimental
c1ccc(cc1)c2ccccc2,47.70281339444942,ChEMBL,Medium,2026-03-10,Experimental
c1ccc(cc1)c2ccc(cc2)c3ccccc3,18.3274619367285,ChEMBL,Low,2026-03-10,Experimental
CC(C)(C)c1ccc(O)cc1,27.73381721442791,ChEMBL,Low,2026-03-10,Experimental
Cc1ccccc1C(=O)O,66.37059673586467,ChEMBL,Medium,2026-03-10,Experimental
CCOc1ccc(cc1)C(=O)O,61.35483665994505,ChEMBL,Medium,2026-03-10,Experimental
CC(C)Cc1ccc(cc1)C(C)C(=O)O,75.97823581212694,ChEMBL,Medium,2026-03-10,Experimental
CC(=O)Oc1ccccc1C(=O)O,66.77115001512033,ChEMBL,Medium,2026-03-10,Experimental
CN1C=NC2=C1C(=O)N(C(=O)N2C)C,94.89239198973173,ChEMBL,High,2026-03-10,Experimental
CC(C)NCC(COc1ccccc1)O,38.883527003915795,ChEMBL,Medium,2026-03-10,Experimental
CC(=O)Nc1ccc(O)cc1,85.87736092838759,ChEMBL,High,2026-03-10,Experimental
c1ccc(cc1)c2ccccc2,42.87832060264467,ChEMBL,Medium,2026-03-10,Experimental
c1ccc(cc1)c2ccc(cc2)c3ccccc3,14.50719288688407,ChEMBL,Low,2026-03-10,Experimental
CC(C)(C)c1ccc(O)cc1,28.631575492256587,ChEMBL,Low,2026-03-10,Experimental
Cc1ccccc1C(=O)O,65.71007445543614,ChEMBL,Medium,2026-03-10,Experimental
CCOc1ccc(cc1)C(=O)O,63.00806170548293,ChEMBL,Medium,2026-03-10,Experimental
CC(C)Cc1ccc(cc1)C(C)C(=O)O,79.6804497869918,ChEMBL,Medium,2026-03-10,Experimental
CC(=O)Oc1ccccc1C(=O)O,74.85997976173026,ChEMBL,Medium,2026-03-10,Experimental
CN1C=NC2=C1C(=O)N(C(=O)N2C)C,95.67872541989772,ChEMBL,High,2026-03-10,Experimental
CC(C)NCC(COc1ccccc1)O,39.8550001593262,ChEMBL,Medium,2026-03-10,Experimental
CC(=O)Nc1ccc(O)cc1,90.87538196290012,ChEMBL,High,2026-03-10,Experimental
c1ccc(cc1)c2ccccc2,43.51547915930713,ChEMBL,Medium,2026-03-10,Experimental
c1ccc(cc1)c2ccc(cc2)c3ccccc3,15.21994215880825,ChEMBL,Low,2026-03-10,Experimental
CC(C)(C)c1ccc(O)cc1,28.51465763857082,ChEMBL,Low,2026-03-10,Experimental
Cc1ccccc1C(=O)O,70.2739256557641,ChEMBL,Medium,2026-03-10,Experimental
CCOc1ccc(cc1)C(=O)O,65.47159856733447,ChEMBL,Medium,2026-03-10,Experimental
CC(C)Cc1ccc(cc1)C(C)C(=O)O,79.49515123299402,ChEMBL,Medium,2026-03-10,Experimental
CC(=O)Oc1ccccc1C(=O)O,64.11269940868927,ChEMBL,Medium,2026-03-10,Experimental
CN1C=NC2=C1C(=O)N(C(=O)N2C)C,91.77763554939499,ChEMBL,High,2026-03-10,Experimental
CC(C)NCC(COc1ccccc1)O,45.086777683235326,ChEMBL,Medium,2026-03-10,Experimental
CC(=O)Nc1ccc(O)cc1,90.29489334547296,ChEMBL,High,2026-03-10,Experimental
c1ccc(cc1)c2ccccc2,47.74089964889195,ChEMBL,Medium,2026-03-10,Experimental
c1ccc(cc1)c2ccc(cc2)c3ccccc3,13.32587875586965,ChEMBL,Low,2026-03-10,Experimental
CC(C)(C)c1ccc(O)cc1,23.1200122101113,ChEMBL,Low,2026-03-10,Experimental
Cc1ccccc1C(=O)O,66.3606420602713,ChEMBL,Medium,2026-03-10,Experimental
CCOc1ccc(cc1)C(=O)O,63.175058384166185,ChEMBL,Medium,2026-03-10,Experimental
CC(C)Cc1ccc(cc1)C(C)C(=O)O,79.84734012087941,ChEMBL,Medium,2026-03-10,Experimental
CC(=O)Oc1ccccc1C(=O)O,61.631292210553475,ChEMBL,Medium,2026-03-10,Experimental
CN1C=NC2=C1C(=O)N(C(=O)N2C)C,93.23671074825046,ChEMBL,High,2026-03-10,Experimental
CC(C)NCC(COc1ccccc1)O,41.694791465184565,ChEMBL,Medium,2026-03-10,Experimental
CC(=O)Nc1ccc(O)cc1,88.47477216385761,ChEMBL,High,2026-03-10,Experimental
c1ccc(cc1)c2ccccc2,45.117685998287186,ChEMBL,Medium,2026-03-10,Experimental
c1ccc(cc1)c2ccc(cc2)c3ccccc3,16.654103988554585,ChEMBL,Low,2026-03-10,Experimental
CC(C)(C)c1ccc(O)cc1,22.54705516754408,ChEMBL,Low,2026-03-10,Experimental
Cc1ccccc1C(=O)O,66.8365460143028,ChEMBL,Medium,2026-03-10,Experimental
CCOc1ccc(cc1)C(=O)O,61.002955926257435,ChEMBL,Medium,2026-03-10,Experimental
CC(C)Cc1ccc(cc1)C(C)C(=O)O,77.44175413982454,ChEMBL,Medium,2026-03-10,Experimental
CC(=O)Oc1ccccc1C(=O)O,63.319198390567365,ChEMBL,Medium,2026-03-10,Experimental
CN1C=NC2=C1C(=O)N(C(=O)N2C)C,96.96242132119086,ChEMBL,High,2026-03-10,Experimental
CC(C)NCC(COc1ccccc1)O,41.874396725279034,ChEMBL,Medium,2026-03-10,Experimental
CC(=O)Nc1ccc(O)cc1,91.84758885424894,ChEMBL,High,2026-03-10,Experimental
c1ccc(cc1)c2ccccc2,48.828368714185075,ChEMBL,Medium,2026-03-10,Experimental
c1ccc(cc1)c2ccc(cc2)c3ccccc3,16.290441866729967,ChEMBL,Low,2026-03-10,Experimental
CC(C)(C)c1ccc(O)cc1,24.11621548176055,ChEMBL,Low,2026-03-10,Experimental
Cc1ccccc1C(=O)O,61.69214986916444,ChEMBL,Medium,2026-03-10,Experimental
CCOc1ccc(cc1)C(=O)O,57.09785819932549,ChEMBL,Medium,2026-03-10,Experimental
CC(C)Cc1ccc(cc1)C(C)C(=O)O,85.50015572515771,ChEMBL,High,2026-03-10,Experimental
CC(=O)Oc1ccccc1C(=O)O,68.44202111951596,ChEMBL,Medium,2026-03-10,Experimental
CN1C=NC2=C1C(=O)N(C(=O)N2C)C,93.17248892314194,ChEMBL,High,2026-03-10,Experimental
CC(C)NCC(COc1ccccc1)O,41.678297602765326,ChEMBL,Medium,2026-03-10,Experimental
CC(=O)Nc1ccc(O)cc1,86.93149579551232,ChEMBL,High,2026-03-10,Experimental
c1ccc(cc1)c2ccccc2,40.674966378533284,ChEMBL,Medium,2026-03-10,Experimental
c1ccc(cc1)c2ccc(cc2)c3ccccc3,18.170489609952998,ChEMBL,Low,2026-03-10,Experimental
CC(C)(C)c1ccc(O)cc1,23.586760276686736,ChEMBL,Low,2026-03-10,Experimental
Cc1ccccc1C(=O)O,63.32948764591157,ChEMBL,Medium,2026-03-10,Experimental
CCOc1ccc(cc1)C(=O)O,59.952820572211,ChEMBL,Medium,2026-03-10,Experimental
CC(C)Cc1ccc(cc1)C(C)C(=O)O,78.45253566219804,ChEMBL,Medium,2026-03-10,Experimental
CC(=O)Oc1ccccc1C(=O)O,66.44535356133149,ChEMBL,Medium,2026-03-10,Experimental
CN1C=NC2=C1C(=O)N(C(=O)N2C)C,99.0,ChEMBL,High,2026-03-10,Experimental
CC(C)NCC(COc1ccccc1)O,43.27306060538809,ChEMBL,Medium,2026-03-10,Experimental
CC(=O)Nc1ccc(O)cc1,88.6126034423805,ChEMBL,High,2026-03-10,Experimental
c1ccc(cc1)c2ccccc2,42.87072677897348,ChEMBL,Medium,2026-03-10,Experimental
c1ccc(cc1)c2ccc(cc2)c3ccccc3,13.778736816251428,ChEMBL,Low,2026-03-10,Experimental
CC(C)(C)c1ccc(O)cc1,25.601916272389722,ChEMBL,Low,2026-03-10,Experimental
Cc1ccccc1C(=O)O,64.75672420460948,ChEMBL,Medium,2026-03-10,Experimental
CCOc1ccc(cc1)C(=O)O,61.57485817051731,ChEMBL,Medium,2026-03-10,Experimental
CC(C)Cc1ccc(cc1)C(C)C(=O)O,78.63391924964938,ChEMBL,Medium,2026-03-10,Experimental
CC(=O)Oc1ccccc1C(=O)O,69.79053776378329,ChEMBL,Medium,2026-03-10,Experimental
CN1C=NC2=C1C(=O)N(C(=O)N2C)C,96.98584310404937,ChEMBL,High,2026-03-10,Experimental
CC(C)NCC(COc1ccccc1)O,38.818958954397445,ChEMBL,Medium,2026-03-10,Experimental
CC(=O)Nc1ccc(O)cc1,91.00103836021543,ChEMBL,High,2026-03-10,Experimental
c1ccc(cc1)c2ccccc2,47.635799016806594,ChEMBL,Medium,2026-03-10,Experimental
c1ccc(cc1)c2ccc(cc2)c3ccccc3,17.67952369591148,ChEMBL,Low,2026-03-10,Experimental
CC(C)(C)c1ccc(O)cc1,27.050242263132873,ChEMBL,Low,2026-03-10,Experimental
Cc1ccccc1C(=O)O,67.000513870169,ChEMBL,Medium,2026-03-10,Experimental
CCOc1ccc(cc1)C(=O)O,55.222585529933205,ChEMBL,Medium,2026-03-10,Experimental
CC(C)Cc1ccc(cc1)C(C)C(=O)O,77.96052534458505,ChEMBL,Medium,2026-03-10,Experimental
CC(=O)Oc1ccccc1C(=O)O,68.02196616878257,ChEMBL,Medium,2026-03-10,Experimental
CN1C=NC2=C1C(=O)N(C(=O)N2C)C,97.59702359548231,ChEMBL,High,2026-03-10,Experimental
CC(C)NCC(COc1ccccc1)O,40.68951379706559,ChEMBL,Medium,2026-03-10,Experimental
CC(=O)Nc1ccc(O)cc1,91.07837337467262,ChEMBL,High,2026-03-10,Experimental
c1ccc(cc1)c2ccccc2,49.00203447949753,ChEMBL,Medium,2026-03-10,Experimental
c1ccc(cc1)c2ccc(cc2)c3ccccc3,14.364925223496929,ChEMBL,Low,2026-03-10,Experimental
CC(C)(C)c1ccc(O)cc1,22.69607997065512,ChEMBL,Low,2026-03-10,Experimental
Cc1ccccc1C(=O)O,69.28498152718223,ChEMBL,Medium,2026-03-10,Experimental
CCOc1ccc(cc1)C(=O)O,57.56016785939348,ChEMBL,Medium,2026-03-10,Experimental
CC(C)Cc1ccc(cc1)C(C)C(=O)O,78.68863081704333,ChEMBL,Medium,2026-03-10,Experimental
CC(=O)Oc1ccccc1C(=O)O,64.11205531465276,ChEMBL,Medium,2026-03-10,Experimental
CN1C=NC2=C1C(=O)N(C(=O)N2C)C,97.30725445002358,ChEMBL,High,2026-03-10,Experimental
CC(C)NCC(COc1ccccc1)O,36.840074224837004,ChEMBL,Medium,2026-03-10,Experimental
CC(=O)Nc1ccc(O)cc1,86.13337456072516,ChEMBL,High,2026-03-10,Experimental
c1ccc(cc1)c2ccccc2,46.032049719015575,ChEMBL,Medium,2026-03-10,Experimental
c1ccc(cc1)c2ccc(cc2)c3ccccc3,21.304177898572703,ChEMBL,Low,2026-03-10,Experimental
CC(C)(C)c1ccc(O)cc1,24.164833950387614,ChEMBL,Low,2026-03-10,Experimental
Cc1ccccc1C(=O)O,62.783347284694884,ChEMBL,Medium,2026-03-10,Experimental
CCOc1ccc(cc1)C(=O)O,57.852120931708285,ChEMBL,Medium,2026-03-10,Experimental
CC(C)Cc1ccc(cc1)C(C)C(=O)O,78.22547345311294,ChEMBL,Medium,2026-03-10,Experimental
CC(=O)Oc1ccccc1C(=O)O,70.47073280454008,ChEMBL,Medium,2026-03-10,Experimental
CN1C=NC2=C1C(=O)N(C(=O)N2C)C,98.36983461341184,ChEMBL,High,2026-03-10,Experimental
CC(C)NCC(COc1ccccc1)O,41.28299095066391,ChEMBL,Medium,2026-03-10,Experimental
CC(=O)Nc1ccc(O)cc1,93.48286630728231,ChEMBL,High,2026-03-10,Experimental
c1ccc(cc1)c2ccccc2,42.56356877641329,ChEMBL,Medium,2026-03-10,Experimental
c1ccc(cc1)c2ccc(cc2)c3ccccc3,18.42085635890332,ChEMBL,Low,2026-03-10,Experimental
CC(C)(C)c1ccc(O)cc1,28.81707876903323,ChEMBL,Low,2026-03-10,Experimental
Cc1ccccc1C(=O)O,65.12811218497914,ChEMBL,Medium,2026-03-10,Experimental
CCOc1ccc(cc1)C(=O)O,61.244384804191625,ChEMBL,Medium,2026-03-10,Experimental
CC(C)Cc1ccc(cc1)C(C)C(=O)O,80.21468466598259,ChEMBL,High,2026-03-10,Experimental
CC(=O)Oc1ccccc1C(=O)O,67.53591978210052,ChEMBL,Medium,2026-03-10,Experimental
CN1C=NC2=C1C(=O)N(C(=O)N2C)C,92.26333116888642,ChEMBL,High,2026-03-10,Experimental
CC(C)NCC(COc1ccccc1)O,38.1107355027033,ChEMBL,Medium,2026-03-10,Experimental
CC(=O)Nc1ccc(O)cc1,78.76861393154181,ChEMBL,Medium,2026-03-10,Experimental
c1ccc(cc1)c2ccccc2,38.9884323687934,ChEMBL,Medium,2026-03-10,Experimental
c1ccc(cc1)c2ccc(cc2)c3ccccc3,11.294243308822473,ChEMBL,Low,2026-03-10,Experimental
CC(C)(C)c1ccc(O)cc1,26.687471804718108,ChEMBL,Low,2026-03-10,Experimental
Cc1ccccc1C(=O)O,69.23286384870737,ChEMBL,Medium,2026-03-10,Experimental
CCOc1ccc(cc1)C(=O)O,62.9804710457081,ChEMBL,Medium,2026-03-10,Experimental
CC(C)Cc1ccc(cc1)C(C)C(=O)O,84.28026914977207,ChEMBL,High,2026-03-10,Experimental
CC(=O)Oc1ccccc1C(=O)O,69.86944234756861,ChEMBL,Medium,2026-03-10,Experimental
CN1C=NC2=C1C(=O)N(C(=O)N2C)C,98.22696996450323,ChEMBL,High,2026-03-10,Experimental
CC(C)NCC(COc1ccccc1)O,40.01790747796552,ChEMBL,Medium,2026-03-10,Experimental
CC(=O)Nc1ccc(O)cc1,76.89746932390055,ChEMBL,Medium,2026-03-10,Experimental
c1ccc(cc1)c2ccccc2,35.0926898273456,ChEMBL,Medium,2026-03-10,Experimental
c1ccc(cc1)c2ccc(cc2)c3ccccc3,14.418546249728541,ChEMBL,Low,2026-03-10,Experimental
CC(C)(C)c1ccc(O)cc1,25.332494629407673,ChEMBL,Low,2026-03-10,Experimental
Cc1ccccc1C(=O)O,63.097107622492175,ChEMBL,Medium,2026-03-10,Experimental
CCOc1ccc(cc1)C(=O)O,52.767077073547284,ChEMBL,Medium,2026-03-10,Experimental
CC(C)Cc1ccc(cc1)C(C)C(=O)O,78.81989026547681,ChEMBL,Medium,2026-03-10,Experimental
CC(=O)Oc1ccccc1C(=O)O,69.96920738391687,ChEMBL,Medium,2026-03-10,Experimental
CN1C=NC2=C1C(=O)N(C(=O)N2C)C,95.50969800934047,ChEMBL,High,2026-03-10,Experimental
CC(C)NCC(COc1ccccc1)O,37.99442752493096,ChEMBL,Medium,2026-03-10,Experimental
CC(=O)Nc1ccc(O)cc1,90.95518997706893,ChEMBL,High,2026-03-10,Experimental
c1ccc(cc1)c2ccccc2,49.53988440196637,ChEMBL,Medium,2026-03-10,Experimental
c1ccc(cc1)c2ccc(cc2)c3ccccc3,14.230494503654562,ChEMBL,Low,2026-03-10,Experimental
CC(C)(C)c1ccc(O)cc1,29.261870825874066,ChEMBL,Low,2026-03-10,Experimental
Cc1ccccc1C(=O)O,64.60142079345428,ChEMBL,Medium,2026-03-10,Experimental
CCOc1ccc(cc1)C(=O)O,60.774248243966035,ChEMBL,Medium,2026-03-10,Experimental
CC(C)Cc1ccc(cc1)C(C)C(=O)O,76.43982863948206,ChEMBL,Medium,2026-03-10,Experimental
CC(=O)Oc1ccccc1C(=O)O,64.18044403607688,ChEMBL,Medium,2026-03-10,Experimental
CN1C=NC2=C1C(=O)N(C(=O)N2C)C,96.66776900801203,ChEMBL,High,2026-03-10,Experimental
CC(C)NCC(COc1ccccc1)O,38.76571063952293,ChEMBL,Medium,2026-03-10,Experimental
CC(=O)Nc1ccc(O)cc1,93.27569344681419,ChEMBL,High,2026-03-10,Experimental
c1ccc(cc1)c2ccccc2,45.877381842482336,ChEMBL,Medium,2026-03-10,Experimental
c1ccc(cc1)c2ccc(cc2)c3ccccc3,14.944101033539468,ChEMBL,Low,2026-03-10,Experimental
CC(C)(C)c1ccc(O)cc1,22.707675341003604,ChEMBL,Low,2026-03-10,Experimental
Cc1ccccc1C(=O)O,62.829306957382904,ChEMBL,Medium,2026-03-10,Experimental
CCOc1ccc(cc1)C(=O)O,58.3903577161364,ChEMBL,Medium,2026-03-10,Experimental
CC(C)Cc1ccc(cc1)C(C)C(=O)O,79.4431776489545,ChEMBL,Medium,2026-03-10,Experimental
CC(=O)Oc1ccccc1C(=O)O,65.04148499349492,ChEMBL,Medium,2026-03-10,Experimental
CN1C=NC2=C1C(=O)N(C(=O)N2C)C,95.40396269257026,ChEMBL,High,2026-03-10,Experimental
CC(C)NCC(COc1ccccc1)O,34.76492714988441,ChEMBL,Medium,2026-03-10,Experimental
CC(=O)Nc1ccc(O)cc1,86.59761966908111,ChEMBL,High,2026-03-10,Experimental
c1ccc(cc1)c2ccccc2,40.93056045402247,ChEMBL,Medium,2026-03-10,Experimental
c1ccc(cc1)c2ccc(cc2)c3ccccc3,17.789448044367898,ChEMBL,Low,2026-03-10,Experimental
CC(C)(C)c1ccc(O)cc1,24.178760610079603,ChEMBL,Low,2026-03-10,Experimental
Cc1ccccc1C(=O)O,68.10850541378315,ChEMBL,Medium,2026-03-10,Experimental
CCOc1ccc(cc1)C(=O)O,61.93997395606556,ChEMBL,Medium,2026-03-10,Experimental
CC(C)Cc1ccc(cc1)C(C)C(=O)O,84.08809268326814,ChEMBL,High,2026-03-10,Experimental
CC(=O)Oc1ccccc1C(=O)O,64.62955085309356,ChEMBL,Medium,2026-03-10,Experimental
CN1C=NC2=C1C(=O)N(C(=O)N2C)C,96.34423657306573,ChEMBL,High,2026-03-10,Experimental
CC(C)NCC(COc1ccccc1)O,37.51253223323007,ChEMBL,Medium,2026-03-10,Experimental
CC(=O)Nc1ccc(O)cc1,82.3640932960934,ChEMBL,High,2026-03-10,Experimental
c1ccc(cc1)c2ccccc2,43.30835094760256,ChEMBL,Medium,2026-03-10,Experimental
c1ccc(cc1)c2ccc(cc2)c3ccccc3,13.297909402082867,ChEMBL,Low,2026-03-10,Experimental
CC(C)(C)c1ccc(O)cc1,25.760970016712324,ChEMBL,Low,2026-03-10,Experimental
Cc1ccccc1C(=O)O,69.29695394946619,ChEMBL,Medium,2026-03-10,Experimental
CCOc1ccc(cc1)C(=O)O,63.18603135999508,ChEMBL,Medium,2026-03-10,Experimental
CC(C)Cc1ccc(cc1)C(C)C(=O)O,86.55688798935847,ChEMBL,High,2026-03-10,Experimental
CC(=O)Oc1ccccc1C(=O)O,66.80306595272536,ChEMBL,Medium,2026-03-10,Experimental
CN1C=NC2=C1C(=O)N(C(=O)N2C)C,91.2256866465163,ChEMBL,High,2026-03-10,Experimental
CC(C)NCC(COc1ccccc1)O,38.64569486921868,ChEMBL,Medium,2026-03-10,Experimental
CC(=O)Nc1ccc(O)cc1,92.01084830544787,ChEMBL,High,2026-03-10,Experimental
c1ccc(cc1)c2ccccc2,46.42669418329763,ChEMBL,Medium,2026-03-10,Experimental
c1ccc(cc1)c2ccc(cc2)c3ccccc3,15.789379851558204,ChEMBL,Low,2026-03-10,Experimental
CC(C)(C)c1ccc(O)cc1,23.144942215312923,ChEMBL,Low,2026-03-10,Experimental
Cc1ccccc1C(=O)O,65.68604104692136,ChEMBL,Medium,2026-03-10,Experimental
CCOc1ccc(cc1)C(=O)O,63.510101739796305,ChEMBL,Medium,2026-03-10,Experimental
CC(C)Cc1ccc(cc1)C(C)C(=O)O,79.7931890634978,ChEMBL,Medium,2026-03-10,Experimental
CC(=O)Oc1ccccc1C(=O)O,65.82526234278592,ChEMBL,Medium,2026-03-10,Experimental
CN1C=NC2=C1C(=O)N(C(=O)N2C)C,96.74252299737742,ChEMBL,High,2026-03-10,Experimental
CC(C)NCC(COc1ccccc1)O,34.1854140195054,ChEMBL,Medium,2026-03-10,Experimental
CC(=O)Nc1ccc(O)cc1,87.67854651748318,ChEMBL,High,2026-03-10,Experimental
c1ccc(cc1)c2ccccc2,45.99019644585071,ChEMBL,Medium,2026-03-10,Experimental
c1ccc(cc1)c2ccc(cc2)c3ccccc3,10.196045871951846,ChEMBL,Low,2026-03-10,Experimental
CC(C)(C)c1ccc(O)cc1,26.11829551375123,ChEMBL,Low,2026-03-10,Experimental
Cc1ccccc1C(=O)O,64.22572852074907,ChEMBL,Medium,2026-03-10,Experimental
CCOc1ccc(cc1)C(=O)O,60.9423363239266,ChEMBL,Medium,2026-03-10,Experimental
CC(C)Cc1ccc(cc1)C(C)C(=O)O,81.5793404498596,ChEMBL,High,2026-03-10,Experimental
CC(=O)Oc1ccccc1C(=O)O,69.19414039638141,ChEMBL,Medium,2026-03-10,Experimental
CN1C=NC2=C1C(=O)N(C(=O)N2C)C,99.0,ChEMBL,High,2026-03-10,Experimental
CC(C)NCC(COc1ccccc1)O,35.57200852727919,ChEMBL,Medium,2026-03-10,Experimental
CC(=O)Nc1ccc(O)cc1,83.35858591975021,ChEMBL,High,2026-03-10,Experimental
c1ccc(cc1)c2ccccc2,49.059529834998884,ChEMBL,Medium,2026-03-10,Experimental
c1ccc(cc1)c2ccc(cc2)c3ccccc3,16.87586468623073,ChEMBL,Low,2026-03-10,Experimental
CC(C)(C)c1ccc(O)cc1,25.88889320211442,ChEMBL,Low,2026-03-10,Experimental
Cc1ccccc1C(=O)O,63.21997718859193,ChEMBL,Medium,2026-03-10,Experimental
CCOc1ccc(cc1)C(=O)O,60.81204532279954,ChEMBL,Medium,2026-03-10,Experimental
CC(C)Cc1ccc(cc1)C(C)C(=O)O,83.47378734726615,ChEMBL,High,2026-03-10,Experimental
CC(=O)Oc1ccccc1C(=O)O,67.31203840990462,ChEMBL,Medium,2026-03-10,Experimental
CN1C=NC2=C1C(=O)N(C(=O)N2C)C,94.600806016029,ChEMBL,High,2026-03-10,Experimental
CC(C)NCC(COc1ccccc1)O,37.06422468157593,ChEMBL,Medium,2026-03-10,Experimental
CC(=O)Nc1ccc(O)cc1,89.55379432589757,ChEMBL,High,2026-03-10,Experimental
c1ccc(cc1)c2ccccc2,45.97099468818719,ChEMBL,Medium,2026-03-10,Experimental
c1ccc(cc1)c2ccc(cc2)c3ccccc3,19.420234741600527,ChEMBL,Low,2026-03-10,Experimental
CC(C)(C)c1ccc(O)cc1,21.4998618431203,ChEMBL,Low,2026-03-10,Experimental
Cc1ccccc1C(=O)O,65.32756216535137,ChEMBL,Medium,2026-03-10,Experimental
CCOc1ccc(cc1)C(=O)O,56.257367451237606,ChEMBL,Medium,2026-03-10,Experimental
CC(C)Cc1ccc(cc1)C(C)C(=O)O,76.87015051977738,ChEMBL,Medium,2026-03-10,Experimental
CC(=O)Oc1ccccc1C(=O)O,69.7924855523374,ChEMBL,Medium,2026-03-10,Experimental
CN1C=NC2=C1C(=O)N(C(=O)N2C)C,97.8995916690749,ChEMBL,High,2026-03-10,Experimental
CC(C)NCC(COc1ccccc1)O,35.551534365020856,ChEMBL,Medium,2026-03-10,Experimental
CC(=O)Nc1ccc(O)cc1,87.2028810286523,ChEMBL,High,2026-03-10,Experimental
c1ccc(cc1)c2ccccc2,46.00338010613974,ChEMBL,Medium,2026-03-10,Experimental
c1ccc(cc1)c2ccc(cc2)c3ccccc3,14.09650595385291,ChEMBL,Low,2026-03-10,Experimental
CC(C)(C)c1ccc(O)cc1,27.183318990111058,ChEMBL,Low,2026-03-10,Experimental
Cc1ccccc1C(=O)O,67.65151695402679,ChEMBL,Medium,2026-03-10,Experimental
CCOc1ccc(cc1)C(=O)O,53.366610901454564,ChEMBL,Medium,2026-03-10,Experimental
CC(C)Cc1ccc(cc1)C(C)C(=O)O,82.5002804934602,ChEMBL,High,2026-03-10,Experimental
CC(=O)Oc1ccccc1C(=O)O,68.96971984121488,ChEMBL,Medium,2026-03-10,Experimental
CN1C=NC2=C1C(=O)N(C(=O)N2C)C,99.0,ChEMBL,High,2026-03-10,Experimental
CC(C)NCC(COc1ccccc1)O,40.272468465726654,ChEMBL,Medium,2026-03-10,Experimental
CC(=O)Nc1ccc(O)cc1,88.51485696463375,ChEMBL,High,2026-03-10,Experimental
c1ccc(cc1)c2ccccc2,45.20264763151802,ChEMBL,Medium,2026-03-10,Experimental
c1ccc(cc1)c2ccc(cc2)c3ccccc3,20.456564646572463,ChEMBL,Low,2026-03-10,Experimental
CC(C)(C)c1ccc(O)cc1,23.90877183034782,ChEMBL,Low,2026-03-10,Experimental
Cc1ccccc1C(=O)O,68.6492705469306,ChEMBL,Medium,2026-03-10,Experimental
CCOc1ccc(cc1)C(=O)O,61.60671260787826,ChEMBL,Medium,2026-03-10,Experimental
CC(C)Cc1ccc(cc1)C(C)C(=O)O,83.34743082513057,ChEMBL,High,2026-03-10,Experimental
CC(=O)Oc1ccccc1C(=O)O,70.80673066116168,ChEMBL,Medium,2026-03-10,Experimental
CN1C=NC2=C1C(=O)N(C(=O)N2C)C,97.54738556194232,ChEMBL,High,2026-03-10,Experimental
CC(C)NCC(COc1ccccc1)O,40.34575694273033,ChEMBL,Medium,2026-03-10,Experimental
CC(=O)Nc1ccc(O)cc1,86.42420811775285,ChEMBL,High,2026-03-10,Experimental
c1ccc(cc1)c2ccccc2,46.29314879014228,ChEMBL,Medium,2026-03-10,Experimental
c1ccc(cc1)c2ccc(cc2)c3ccccc3,11.701579744740364,ChEMBL,Low,2026-03-10,Experimental
CC(C)(C)c1ccc(O)cc1,24.312059840573202,ChEMBL,Low,2026-03-10,Experimental
Cc1ccccc1C(=O)O,55.807001429857884,ChEMBL,Medium,2026-03-10,Experimental
CCOc1ccc(cc1)C(=O)O,60.73044752601954,ChEMBL,Medium,2026-03-10,Experimental
CC(C)Cc1ccc(cc1)C(C)C(=O)O,82.8942971609374,ChEMBL,High,2026-03-10,Experimental
CC(=O)Oc1ccccc1C(=O)O,67.82694600250417,ChEMBL,Medium,2026-03-10,Experimental
CN1C=NC2=C1C(=O)N(C(=O)N2C)C,90.83954366054797,ChEMBL,High,2026-03-10,Experimental
CC(C)NCC(COc1ccccc1)O,38.585212870212644,ChEMBL,Medium,2026-03-10,Experimental
CC(=O)Nc1ccc(O)cc1,89.57604620404892,ChEMBL,High,2026-03-10,Experimental
c1ccc(cc1)c2ccccc2,47.24929815188598,ChEMBL,Medium,2026-03-10,Experimental
c1ccc(cc1)c2ccc(cc2)c3ccccc3,8.940758517244372,ChEMBL,Low,2026-03-10,Experimental
CC(C)(C)c1ccc(O)cc1,24.986513330737925,ChEMBL,Low,2026-03-10,Experimental
Cc1ccccc1C(=O)O,65.47273626990403,ChEMBL,Medium,2026-03-10,Experimental
CCOc1ccc(cc1)C(=O)O,61.00129041591178,ChEMBL,Medium,2026-03-10,Experimental
CC(C)Cc1ccc(cc1)C(C)C(=O)O,75.8289720576186,ChEMBL,Medium,2026-03-10,Experimental
CC(=O)Oc1ccccc1C(=O)O,65.0506501967155,ChEMBL,Medium,2026-03-10,Experimental
CN1C=NC2=C1C(=O)N(C(=O)N2C)C,92.83413848876847,ChEMBL,High,2026-03-10,Experimental
CC(C)NCC(COc1ccccc1)O,43.40487408467945,ChEMBL,Medium,2026-03-10,Experimental
CC(=O)Nc1ccc(O)cc1,87.60854297760977,ChEMBL,High,2026-03-10,Experimental
c1ccc(cc1)c2ccccc2,41.05982157566309,ChEMBL,Medium,2026-03-10,Experimental
c1ccc(cc1)c2ccc(cc2)c3ccccc3,17.68621113134924,ChEMBL,Low,2026-03-10,Experimental
CC(C)(C)c1ccc(O)cc1,26.178461522856754,ChEMBL,Low,2026-03-10,Experimental
Cc1ccccc1C(=O)O,60.18401799881974,ChEMBL,Medium,2026-03-10,Experimental
CCOc1ccc(cc1)C(=O)O,57.951451401367265,ChEMBL,Medium,2026-03-10,Experimental
CC(C)Cc1ccc(cc1)C(C)C(=O)O,80.27939176166488,ChEMBL,High,2026-03-10,Experimental
CC(=O)Oc1ccccc1C(=O)O,69.54279219325379,ChEMBL,Medium,2026-03-10,Experimental
CN1C=NC2=C1C(=O)N(C(=O)N2C)C,91.21123434888959,ChEMBL,High,2026-03-10,Experimental
CC(C)NCC(COc1ccccc1)O,38.79396111448776,ChEMBL,Medium,2026-03-10,Experimental
CC(=O)Nc1ccc(O)cc1,85.71270345340841,ChEMBL,High,2026-03-10,Experimental
c1ccc(cc1)c2ccccc2,44.63300435388418,ChEMBL,Medium,2026-03-10,Experimental
c1ccc(cc1)c2ccc(cc2)c3ccccc3,12.389847657534276,ChEMBL,Low,2026-03-10,Experimental
CC(C)(C)c1ccc(O)cc1,21.66575902616932,ChEMBL,Low,2026-03-10,Experimental
Cc1ccccc1C(=O)O,60.79875447882926,ChEMBL,Medium,2026-03-10,Experimental
CCOc1ccc(cc1)C(=O)O,61.78126062418519,ChEMBL,Medium,2026-03-10,Experimental
CC(C)Cc1ccc(cc1)C(C)C(=O)O,76.45940823557346,ChEMBL,Medium,2026-03-10,Experimental
CC(=O)Oc1ccccc1C(=O)O,64.80094286871967,ChEMBL,Medium,2026-03-10,Experimental
CN1C=NC2=C1C(=O)N(C(=O)N2C)C,94.95244581474954,ChEMBL,High,2026-03-10,Experimental
CC(C)NCC(COc1ccccc1)O,41.89088026705729,ChEMBL,Medium,2026-03-10,Experimental
CC(=O)Nc1ccc(O)cc1,84.10929522807015,ChEMBL,High,2026-03-10,Experimental
c1ccc(cc1)c2ccccc2,43.84204232239038,ChEMBL,Medium,2026-03-10,Experimental
c1ccc(cc1)c2ccc(cc2)c3ccccc3,16.519568821279627,ChEMBL,Low,2026-03-10,Experimental
CC(C)(C)c1ccc(O)cc1,23.525852974333375,ChEMBL,Low,2026-03-10,Experimental
Cc1ccccc1C(=O)O,70.16408624448782,ChEMBL,Medium,2026-03-10,Experimental
CCOc1ccc(cc1)C(=O)O,67.27168219924897,ChEMBL,Medium,2026-03-10,Experimental
CC(C)Cc1ccc(cc1)C(C)C(=O)O,80.86424737898813,ChEMBL,High,2026-03-10,Experimental
CC(=O)Oc1ccccc1C(=O)O,65.7107032259804,ChEMBL,Medium,2026-03-10,Experimental
CN1C=NC2=C1C(=O)N(C(=O)N2C)C,94.56730223533984,ChEMBL,High,2026-03-10,Experimental
CC(C)NCC(COc1ccccc1)O,33.74844561217718,ChEMBL,Medium,2026-03-10,Experimental
CC(=O)Nc1ccc(O)cc1,88.14060617325511,ChEMBL,High,2026-03-10,Experimental
c1ccc(cc1)c2ccccc2,41.65020468082393,ChEMBL,Medium,2026-03-10,Experimental
c1ccc(cc1)c2ccc(cc2)c3ccccc3,16.04181697924115,ChEMBL,Low,2026-03-10,Experimental
CC(C)(C)c1ccc(O)cc1,27.627673241233193,ChEMBL,Low,2026-03-10,Experimental
Cc1ccccc1C(=O)O,64.17825162710771,ChEMBL,Medium,2026-03-10,Experimental
CCOc1ccc(cc1)C(=O)O,60.26196669398297,ChEMBL,Medium,2026-03-10,Experimental
CC(C)Cc1ccc(cc1)C(C)C(=O)O,80.56567196155302,ChEMBL,High,2026-03-10,Experimental
CC(=O)Oc1ccccc1C(=O)O,68.30220592225763,ChEMBL,Medium,2026-03-10,Experimental
CN1C=NC2=C1C(=O)N(C(=O)N2C)C,95.48362709971117,ChEMBL,High,2026-03-10,Experimental
CC(C)NCC(COc1ccccc1)O,40.01552191388366,ChEMBL,Medium,2026-03-10,Experimental
CC(=O)Nc1ccc(O)cc1,88.64737853350051,ChEMBL,High,2026-03-10,Experimental
c1ccc(cc1)c2ccccc2,44.62294025924391,ChEMBL,Medium,2026-03-10,Experimental
c1ccc(cc1)c2ccc(cc2)c3ccccc3,8.919574294439835,ChEMBL,Low,2026-03-10,Experimental
CC(C)(C)c1ccc(O)cc1,19.930477610223356,ChEMBL,Low,2026-03-10,Experimental
Cc1ccccc1C(=O)O,67.8967787186225,ChEMBL,Medium,2026-03-10,Experimental
CCOc1ccc(cc1)C(=O)O,59.28598055508328,ChEMBL,Medium,2026-03-10,Experimental
CC(C)Cc1ccc(cc1)C(C)C(=O)O,88.13762642331506,ChEMBL,High,2026-03-10,Experimental
CC(=O)Oc1ccccc1C(=O)O,67.42366851930295,ChEMBL,Medium,2026-03-10,Experimental
CN1C=NC2=C1C(=O)N(C(=O)N2C)C,91.73751640164285,ChEMBL,High,2026-03-10,Experimental
CC(C)NCC(COc1ccccc1)O,39.66765225797712,ChEMBL,Medium,2026-03-10,Experimental
CC(=O)Nc1ccc(O)cc1,94.23428845604703,ChEMBL,High,2026-03-10,Experimental
c1ccc(cc1)c2ccccc2,46.76268345576181,ChEMBL,Medium,2026-03-10,Experimental
c1ccc(cc1)c2ccc(cc2)c3ccccc3,12.298671711715388,ChEMBL,Low,2026-03-10,Experimental
CC(C)(C)c1ccc(O)cc1,27.073902204023955,ChEMBL,Low,2026-03-10,Experimental
Cc1ccccc1C(=O)O,64.75779917418335,ChEMBL,Medium,2026-03-10,Experimental
CCOc1ccc(cc1)C(=O)O,53.38717593675908,ChEMBL,Medium,2026-03-10,Experimental
CC(C)Cc1ccc(cc1)C(C)C(=O)O,79.81390669189786,ChEMBL,Medium,2026-03-10,Experimental
CC(=O)Oc1ccccc1C(=O)O,70.76502582940009,ChEMBL,Medium,2026-03-10,Experimental
CN1C=NC2=C1C(=O)N(C(=O)N2C)C,92.68131000623065,ChEMBL,High,2026-03-10,Experimental
CC(C)NCC(COc1ccccc1)O,38.57707592278282,ChEMBL,Medium,2026-03-10,Experimental
CC(=O)Nc1ccc(O)cc1,89.20172009936103,ChEMBL,High,2026-03-10,Experimental
c1ccc(cc1)c2ccccc2,48.02269353376851,ChEMBL,Medium,2026-03-10,Experimental
c1ccc(cc1)c2ccc(cc2)c3ccccc3,14.364559652842532,ChEMBL,Low,2026-03-10,Experimental
CC(C)(C)c1ccc(O)cc1,27.914124502949566,ChEMBL,Low,2026-03-10,Experimental
Cc1ccccc1C(=O)O,64.76602327730626,ChEMBL,Medium,2026-03-10,Experimental
CCOc1ccc(cc1)C(=O)O,61.139415468606785,ChEMBL,Medium,2026-03-10,Experimental
CC(C)Cc1ccc(cc1)C(C)C(=O)O,78.0567554811616,ChEMBL,Medium,2026-03-10,Experimental
CC(=O)Oc1ccccc1C(=O)O,71.35749000151347,ChEMBL,Medium,2026-03-10,Experimental
CN1C=NC2=C1C(=O)N(C(=O)N2C)C,96.52200504371713,ChEMBL,High,2026-03-10,Experimental
CC(C)NCC(COc1ccccc1)O,46.55307070640611,ChEMBL,Medium,2026-03-10,Experimental
CC(=O)Nc1ccc(O)cc1,88.90870021385116,ChEMBL,High,2026-03-10,Experimental
c1ccc(cc1)c2ccccc2,50.92053257445603,ChEMBL,Medium,2026-03-10,Experimental
c1ccc(cc1)c2ccc(cc2)c3ccccc3,17.884824085487242,ChEMBL,Low,2026-03-10,Experimental
CC(C)(C)c1ccc(O)cc1,25.862013662914887,ChEMBL,Low,2026-03-10,Experimental
Cc1ccccc1C(=O)O,63.330387013991654,ChEMBL,Medium,2026-03-10,Experimental
CCOc1ccc(cc1)C(=O)O,55.31449706309706,ChEMBL,Medium,2026-03-10,Experimental
CC(C)Cc1ccc(cc1)C(C)C(=O)O,82.51672003030566,ChEMBL,High,2026-03-10,Experimental
CC(=O)Oc1ccccc1C(=O)O,71.77261596834504,ChEMBL,Medium,2026-03-10,Experimental
CN1C=NC2=C1C(=O)N(C(=O)N2C)C,99.0,ChEMBL,High,2026-03-10,Experimental
CC(C)NCC(COc1ccccc1)O,37.70880706361191,ChEMBL,Medium,2026-03-10,Experimental
CC(=O)Nc1ccc(O)cc1,89.32718498416857,ChEMBL,High,2026-03-10,Experimental
c1ccc(cc1)c2ccccc2,47.865949350520054,ChEMBL,Medium,2026-03-10,Experimental
c1ccc(cc1)c2ccc(cc2)c3ccccc3,10.602802671408002,ChEMBL,Low,2026-03-10,Experimental
CC(C)(C)c1ccc(O)cc1,25.233080065715644,ChEMBL,Low,2026-03-10,Experimental
Cc1ccccc1C(=O)O,66.33410730253219,ChEMBL,Medium,2026-03-10,Experimental
CCOc1ccc(cc1)C(=O)O,58.98915311622852,ChEMBL,Medium,2026-03-10,Experimental
CC(C)Cc1ccc(cc1)C(C)C(=O)O,83.50239272863615,ChEMBL,High,2026-03-10,Experimental
CC(=O)Oc1ccccc1C(=O)O,73.7531433564846,ChEMBL,Medium,2026-03-10,Experimental
CN1C=NC2=C1C(=O)N(C(=O)N2C)C,92.31588365837115,ChEMBL,High,2026-03-10,Experimental
CC(C)NCC(COc1ccccc1)O,37.34967661867782,ChEMBL,Medium,2026-03-10,Experimental
CC(=O)Nc1ccc(O)cc1,87.99306748107479,ChEMBL,High,2026-03-10,Experimental
c1ccc(cc1)c2ccccc2,47.1922860623923,ChEMBL,Medium,2026-03-10,Experimental
c1ccc(cc1)c2ccc(cc2)c3ccccc3,18.552546499727395,ChEMBL,Low,2026-03-10,Experimental
CC(C)(C)c1ccc(O)cc1,30.106703414296458,ChEMBL,Medium,2026-03-10,Experimental
Cc1ccccc1C(=O)O,66.53581988925728,ChEMBL,Medium,2026-03-10,Experimental
CCOc1ccc(cc1)C(=O)O,58.34614517707437,ChEMBL,Medium,2026-03-10,Experimental
CC(C)Cc1ccc(cc1)C(C)C(=O)O,83.69010670088866,ChEMBL,High,2026-03-10,Experimental
CC(=O)Oc1ccccc1C(=O)O,65.58931272005694,ChEMBL,Medium,2026-03-10,Experimental
CN1C=NC2=C1C(=O)N(C(=O)N2C)C,96.12441703010826,ChEMBL,High,2026-03-10,Experimental
CC(C)NCC(COc1ccccc1)O,36.837970990638745,ChEMBL,Medium,2026-03-10,Experimental
CC(=O)Nc1ccc(O)cc1,88.94910009072045,ChEMBL,High,2026-03-10,Experimental
c1ccc(cc1)c2ccccc2,46.42177839276218,ChEMBL,Medium,2026-03-10,Experimental
c1ccc(cc1)c2ccc(cc2)c3ccccc3,13.293329521135115,ChEMBL,Low,2026-03-10,Experimental
CC(C)(C)c1ccc(O)cc1,23.91514422789436,ChEMBL,Low,2026-03-10,Experimental
Cc1ccccc1C(=O)O,61.042971393520105,ChEMBL,Medium,2026-03-10,Experimental
CCOc1ccc(cc1)C(=O)O,55.19030000426435,ChEMBL,Medium,2026-03-10,Experimental
CC(C)Cc1ccc(cc1)C(C)C(=O)O,82.94770504780705,ChEMBL,High,2026-03-10,Experimental
CC(=O)Oc1ccccc1C(=O)O,66.7175054305436,ChEMBL,Medium,2026-03-10,Experimental
CN1C=NC2=C1C(=O)N(C(=O)N2C)C,89.93785212778923,ChEMBL,High,2026-03-10,Experimental
CC(C)NCC(COc1ccccc1)O,40.98040293324892,ChEMBL,Medium,2026-03-10,Experimental
CC(=O)Nc1ccc(O)cc1,90.88101569908035,ChEMBL,High,2026-03-10,Experimental
c1ccc(cc1)c2ccccc2,44.84049984966428,ChEMBL,Medium,2026-03-10,Experimental
c1ccc(cc1)c2ccc(cc2)c3ccccc3,16.210236897424917,ChEMBL,Low,2026-03-10,Experimental
CC(C)(C)c1ccc(O)cc1,28.0581925663678,ChEMBL,Low,2026-03-10,Experimental
Cc1ccccc1C(=O)O,69.22764261234624,ChEMBL,Medium,2026-03-10,Experimental
CCOc1ccc(cc1)C(=O)O,61.534933394941945,ChEMBL,Medium,2026-03-10,Experimental
CC(C)Cc1ccc(cc1)C(C)C(=O)O,77.03452946815874,ChEMBL,Medium,2026-03-10,Experimental
CC(=O)Oc1ccccc1C(=O)O,66.71837047585981,ChEMBL,Medium,2026-03-10,Experimental
CN1C=NC2=C1C(=O)N(C(=O)N2C)C,99.0,ChEMBL,High,2026-03-10,Experimental
CC(C)NCC(COc1ccccc1)O,43.234669933042234,ChEMBL,Medium,2026-03-10,Experimental
CC(=O)Nc1ccc(O)cc1,89.90416796227277,ChEMBL,High,2026-03-10,Experimental
c1ccc(cc1)c2ccccc2,42.13874161687142,ChEMBL,Medium,2026-03-10,Experimental
c1ccc(cc1)c2ccc(cc2)c3ccccc3,9.343233676811806,ChEMBL,Low,2026-03-10,Experimental
CC(C)(C)c1ccc(O)cc1,21.954376015588625,ChEMBL,Low,2026-03-10,Experimental
Cc1ccccc1C(=O)O,59.45155847683895,ChEMBL,Medium,2026-03-10,Experimental
CCOc1ccc(cc1)C(=O)O,60.57560069606507,ChEMBL,Medium,2026-03-10,Experimental
CC(C)Cc1ccc(cc1)C(C)C(=O)O,78.07161546244858,ChEMBL,Medium,2026-03-10,Experimental
CC(=O)Oc1ccccc1C(=O)O,73.1389935584901,ChEMBL,Medium,2026-03-10,Experimental
CN1C=NC2=C1C(=O)N(C(=O)N2C)C,93.84786160043558,ChEMBL,High,2026-03-10,Experimental
CC(C)NCC(COc1ccccc1)O,40.27336351908442,ChEMBL,Medium,2026-03-10,Experimental
CC(=O)Nc1ccc(O)cc1,92.30094634967419,ChEMBL,High,2026-03-10,Experimental
c1ccc(cc1)c2ccccc2,45.48601552890461,ChEMBL,Medium,2026-03-10,Experimental
c1ccc(cc1)c2ccc(cc2)c3ccccc3,13.024857265204009,ChEMBL,Low,2026-03-10,Experimental
CC(C)(C)c1ccc(O)cc1,19.13836434893757,ChEMBL,Low,2026-03-10,Experimental
Cc1ccccc1C(=O)O,61.09294234167112,ChEMBL,Medium,2026-03-10,Experimental
CCOc1ccc(cc1)C(=O)O,58.310159063995286,ChEMBL,Medium,2026-03-10,Experimental
CC(C)Cc1ccc(cc1)C(C)C(=O)O,79.71583387796966,ChEMBL,Medium,2026-03-10,Experimental
CC(=O)Oc1ccccc1C(=O)O,67.34461175355088,ChEMBL,Medium,2026-03-10,Experimental
CN1C=NC2=C1C(=O)N(C(=O)N2C)C,95.68248421161827,ChEMBL,High,2026-03-10,Experimental
CC(C)NCC(COc1ccccc1)O,38.359072471304046,ChEMBL,Medium,2026-03-10,Experimental
CC(=O)Nc1ccc(O)cc1,83.33497175782696,ChEMBL,High,2026-03-10,Experimental
c1ccc(cc1)c2ccccc2,43.12446642772641,ChEMBL,Medium,2026-03-10,Experimental
c1ccc(cc1)c2ccc(cc2)c3ccccc3,18.095541851598576,ChEMBL,Low,2026-03-10,Experimental
CC(C)(C)c1ccc(O)cc1,20.713002211528554,ChEMBL,Low,2026-03-10,Experimental
Cc1ccccc1C(=O)O,66.3140801485191,ChEMBL,Medium,2026-03-10,Experimental
CCOc1ccc(cc1)C(=O)O,57.417506000361435,ChEMBL,Medium,2026-03-10,Experimental
CC(C)Cc1ccc(cc1)C(C)C(=O)O,82.10763780398042,ChEMBL,High,2026-03-10,Experimental
CC(=O)Oc1ccccc1C(=O)O,67.78727135527343,ChEMBL,Medium,2026-03-10,Experimental
CN1C=NC2=C1C(=O)N(C(=O)N2C)C,93.18623350088843,ChEMBL,High,2026-03-10,Experimental
CC(C)NCC(COc1ccccc1)O,38.97402375064861,ChEMBL,Medium,2026-03-10,Experimental
CC(=O)Nc1ccc(O)cc1,84.63717482694896,ChEMBL,High,2026-03-10,Experimental
c1ccc(cc1)c2ccccc2,43.18184506414239,ChEMBL,Medium,2026-03-10,Experimental
c1ccc(cc1)c2ccc(cc2)c3ccccc3,13.963914862275118,ChEMBL,Low,2026-03-10,Experimental
CC(C)(C)c1ccc(O)cc1,21.766425117850776,ChEMBL,Low,2026-03-10,Experimental
Cc1ccccc1C(=O)O,65.26782508167862,ChEMBL,Medium,2026-03-10,Experimental
CCOc1ccc(cc1)C(=O)O,61.974077446519416,ChEMBL,Medium,2026-03-10,Experimental
CC(C)Cc1ccc(cc1)C(C)C(=O)O,77.74840640968297,ChEMBL,Medium,2026-03-10,Experimental
CC(=O)Oc1ccccc1C(=O)O,70.79267432201638,ChEMBL,Medium,2026-03-10,Experimental
CN1C=NC2=C1C(=O)N(C(=O)N2C)C,97.99285892468372,ChEMBL,High,2026-03-10,Experimental
CC(C)NCC(COc1ccccc1)O,38.658756864069396,ChEMBL,Medium,2026-03-10,Experimental
CC(=O)Nc1ccc(O)cc1,91.98922194881612,ChEMBL,High,2026-03-10,Experimental
c1ccc(cc1)c2ccccc2,45.758659132210916,ChEMBL,Medium,2026-03-10,Experimental
c1ccc(cc1)c2ccc(cc2)c3ccccc3,14.382490162472191,ChEMBL,Low,2026-03-10,Experimental
CC(C)(C)c1ccc(O)cc1,23.584278653250003,ChEMBL,Low,2026-03-10,Experimental
Cc1ccccc1C(=O)O,60.600356137178004,ChEMBL,Medium,2026-03-10,Experimental
CCOc1ccc(cc1)C(=O)O,57.83128116584187,ChEMBL,Medium,2026-03-10,Experimental
CC(C)Cc1ccc(cc1)C(C)C(=O)O,80.6983178825911,ChEMBL,High,2026-03-10,Experimental
CC(=O)Oc1ccccc1C(=O)O,69.52647263736704,ChEMBL,Medium,2026-03-10,Experimental
CN1C=NC2=C1C(=O)N(C(=O)N2C)C,94.64663582109084,ChEMBL,High,2026-03-10,Experimental
CC(C)NCC(COc1ccccc1)O,44.859547719478165,ChEMBL,Medium,2026-03-10,Experimental
CC(=O)Nc1ccc(O)cc1,88.67453323499046,ChEMBL,High,2026-03-10,Experimental
c1ccc(cc1)c2ccccc2,45.4749451831787,ChEMBL,Medium,2026-03-10,Experimental
c1ccc(cc1)c2ccc(cc2)c3ccccc3,9.83497791428772,ChEMBL,Low,2026-03-10,Experimental
CC(C)(C)c1ccc(O)cc1,24.026363007508618,ChEMBL,Low,2026-03-10,Experimental
Cc1ccccc1C(=O)O,62.17960043026807,ChEMBL,Medium,2026-03-10,Experimental
CCOc1ccc(cc1)C(=O)O,61.2015526787512,ChEMBL,Medium,2026-03-10,Experimental
CC(C)Cc1ccc(cc1)C(C)C(=O)O,78.57761579249853,ChEMBL,Medium,2026-03-10,Experimental
CC(=O)Oc1ccccc1C(=O)O,72.79183019318697,ChEMBL,Medium,2026-03-10,Experimental
CN1C=NC2=C1C(=O)N(C(=O)N2C)C,94.24396949053119,ChEMBL,High,2026-03-10,Experimental
CC(C)NCC(COc1ccccc1)O,39.5534994464013,ChEMBL,Medium,2026-03-10,Experimental
CC(=O)Nc1ccc(O)cc1,87.26059385421652,ChEMBL,High,2026-03-10,Experimental
c1ccc(cc1)c2ccccc2,47.126394036892385,ChEMBL,Medium,2026-03-10,Experimental
c1ccc(cc1)c2ccc(cc2)c3ccccc3,11.261736500653935,ChEMBL,Low,2026-03-10,Experimental
CC(C)(C)c1ccc(O)cc1,18.962678964569132,ChEMBL,Low,2026-03-10,Experimental
Cc1ccccc1C(=O)O,64.32265634537278,ChEMBL,Medium,2026-03-10,Experimental
CCOc1ccc(cc1)C(=O)O,58.740440179259174,ChEMBL,Medium,2026-03-10,Experimental
CC(C)Cc1ccc(cc1)C(C)C(=O)O,76.7449304825908,ChEMBL,Medium,2026-03-10,Experimental
CC(=O)Oc1ccccc1C(=O)O,64.78148903732597,ChEMBL,Medium,2026-03-10,Experimental
CN1C=NC2=C1C(=O)N(C(=O)N2C)C,99.0,ChEMBL,High,2026-03-10,Experimental
CC(C)NCC(COc1ccccc1)O,40.52837100658255,ChEMBL,Medium,2026-03-10,Experimental
CC(=O)Nc1ccc(O)cc1,83.18232049705568,ChEMBL,High,2026-03-10,Experimental
c1ccc(cc1)c2ccccc2,44.71505543703367,ChEMBL,Medium,2026-03-10,Experimental
c1ccc(cc1)c2ccc(cc2)c3ccccc3,10.435914601832629,ChEMBL,Low,2026-03-10,Experimental
CC(C)(C)c1ccc(O)cc1,26.00771702103158,ChEMBL,Low,2026-03-10,Experimental
Cc1ccccc1C(=O)O,65.7027588225825,ChEMBL,Medium,2026-03-10,Experimental
CCOc1ccc(cc1)C(=O)O,62.02796887937814,ChEMBL,Medium,2026-03-10,Experimental
CC(C)Cc1ccc(cc1)C(C)C(=O)O,75.62986792239775,ChEMBL,Medium,2026-03-10,Experimental
CC(=O)Oc1ccccc1C(=O)O,67.40266531611734,ChEMBL,Medium,2026-03-10,Experimental
CN1C=NC2=C1C(=O)N(C(=O)N2C)C,91.87081579009715,ChEMBL,High,2026-03-10,Experimental
CC(C)NCC(COc1ccccc1)O,40.19764863695249,ChEMBL,Medium,2026-03-10,Experimental
CC(=O)Nc1ccc(O)cc1,88.59326998438517,ChEMBL,High,2026-03-10,Experimental
c1ccc(cc1)c2ccccc2,43.423745442349336,ChEMBL,Medium,2026-03-10,Experimental
c1ccc(cc1)c2ccc(cc2)c3ccccc3,13.188129503743227,ChEMBL,Low,2026-03-10,Experimental
CC(C)(C)c1ccc(O)cc1,32.31463561758046,ChEMBL,Medium,2026-03-10,Experimental
Cc1ccccc1C(=O)O,66.69377004514182,ChEMBL,Medium,2026-03-10,Experimental
CCOc1ccc(cc1)C(=O)O,62.72621277112866,ChEMBL,Medium,2026-03-10,Experimental
CC(C)Cc1ccc(cc1)C(C)C(=O)O,74.34676767325624,ChEMBL,Medium,2026-03-10,Experimental
CC(=O)Oc1ccccc1C(=O)O,70.77599937264469,ChEMBL,Medium,2026-03-10,Experimental
CN1C=NC2=C1C(=O)N(C(=O)N2C)C,95.04370079040802,ChEMBL,High,2026-03-10,Experimental
CC(C)NCC(COc1ccccc1)O,43.99827330648358,ChEMBL,Medium,2026-03-10,Experimental
CC(=O)Nc1ccc(O)cc1,92.33184101860414,ChEMBL,High,2026-03-10,Experimental
c1ccc(cc1)c2ccccc2,44.07789151963364,ChEMBL,Medium,2026-03-10,Experimental
c1ccc(cc1)c2ccc(cc2)c3ccccc3,17.498812803325208,ChEMBL,Low,2026-03-10,Experimental
CC(C)(C)c1ccc(O)cc1,23.29460313304505,ChEMBL,Low,2026-03-10,Experimental
Cc1ccccc1C(=O)O,65.01747537806816,ChEMBL,Medium,2026-03-10,Experimental
CCOc1ccc(cc1)C(=O)O,59.817303293029276,ChEMBL,Medium,2026-03-10,Experimental
